comment_id,video_id,author,author_channel_url,published_at,updated_at,is_edited,like_count,text
UgxrhIooq3UAuClbo_14AaABAg,gTi5unw3-PE,@gaurav1035,http://www.youtube.com/@gaurav1035,2026-09-21T14:10:52Z,2026-09-21T14:10:52Z,False,1,Neigh like a Horse incoming 😂😂😂😂 Yeahhh lets do this 💪
UgyD4B8ZgDJ8i514zXV4AaABAg,gTi5unw3-PE,@ricardoblayer9537,http://www.youtube.com/@ricardoblayer9537,2026-09-20T23:22:08Z,2026-09-20T23:22:08Z,False,0,"@avibomb hey mate, sorry for this but you missed my predictions. They kind of sucked, but still, could you possibly count them? I might have screwed up the format"
UgyP7BMK7AHvP-4HQgp4AaABAg,gTi5unw3-PE,@JJfromALmufc,http://www.youtube.com/@JJfromALmufc,2026-09-20T15:05:11Z,2026-09-20T15:05:11Z,False,0,6:22 we will be here
Ugy3Gk8etlJCmZWSjaN4AaABAg,gTi5unw3-PE,@Wolfsong27FlyHalfFullHeart,http://www.youtube.com/@Wolfsong27FlyHalfFullHeart,2026-09-20T07:32:33Z,2026-09-20T07:32:33Z,False,2,Brighton winning their 125th anniversary match at home has more magic then a school year at hogwarts
UgzT10wvXCvi7rnqqhR4AaABAg,gTi5unw3-PE,@geomekk,http://www.youtube.com/@geomekk,2026-09-20T07:12:09Z,2026-09-20T07:12:09Z,False,5,cant wait for you to eat those weetabix mate
UgxSIaFQAw-vOf0VqfJ4AaABAg,gTi5unw3-PE,@SkyBlueJim-r2q,http://www.youtube.com/@SkyBlueJim-r2q,2026-09-20T06:08:46Z,2026-09-20T06:08:46Z,False,0,11:35 About that
UgzYutpAjscjm_oPE554AaABAg,gTi5unw3-PE,@gaurav1035,http://www.youtube.com/@gaurav1035,2026-09-20T03:18:47Z,2026-09-20T03:18:47Z,False,4,Neigh like a horse incoming 😂😂😂😂😂
Ugxgacn-CYSny60-jP14AaABAg,gTi5unw3-PE,@rpmahardika6650,http://www.youtube.com/@rpmahardika6650,2026-09-20T01:08:13Z,2026-09-20T01:08:13Z,False,1,"Nooooooooooooooo
This Susan is right about Newcastle"
UgyyGRUzJ1WW_ILXlUp4AaABAg,gTi5unw3-PE,@SquidKnight42,http://www.youtube.com/@SquidKnight42,2026-09-19T19:19:36Z,2026-09-19T19:19:36Z,False,7,Can you do the weetabix bit with a seagull mask please 😇
UgwyiG9l-pFfzwcOxrN4AaABAg,gTi5unw3-PE,@Viceace70,http://www.youtube.com/@Viceace70,2026-09-19T18:48:18Z,2026-09-19T18:48:18Z,False,8,Get ready for the 🐴  Neigh incoming. 😂
Ugy_rfzCQxqp1kqtDrd4AaABAg,gTi5unw3-PE,@cianxanthopoulos5945,http://www.youtube.com/@cianxanthopoulos5945,2026-09-19T15:36:54Z,2026-09-19T15:36:54Z,False,8,Get the weetabix ready
UgzT97zzxa5mLgnBZth4AaABAg,gTi5unw3-PE,@glewis9546,http://www.youtube.com/@glewis9546,2026-09-19T13:25:25Z,2026-09-19T13:25:25Z,False,0,Bro was so so close to a face full of eggs. So lucky spurs scored a miserable consolation goal 😂
Ugy_cyyk0ThYn0LigOp4AaABAg,gTi5unw3-PE,@dolphin088,http://www.youtube.com/@dolphin088,2026-09-19T11:54:14Z,2026-09-19T11:54:14Z,False,0,"Spurs 0 Villa 0 
Brighton 1 Arsenal 3 
Everton 1 Ipswich 1 
Newcastle 0 Hull 1 
Nottingham Forrest 2 Coventry 0 
Bournemouth 2 Liverpool 0 
Leeds 3 palace 1 
City 1 Sunderland 1 
Fulham 0 man United 2"
UgyO_gNk-p_MIIrufNN4AaABAg,gTi5unw3-PE,@_simon.k_,http://www.youtube.com/@_simon.k_,2026-09-19T10:59:30Z,2026-09-19T10:59:30Z,False,0,"Chelsea Brentford late
Tottenham 0 Aston Villa 1
Brighton 1 Arsenal 2
Everton 2 Ipswich 1
Newcastle 2 Hull 1
Nottingham 2 Coventry 0
Bournemouth 2 Liverpool 2
Leeds 3 Crystal Palace 1
Man City 3 Sunderland 1
Fulham 1 Manchester United 1"
UgxnzLtfzaI6STq5utJ4AaABAg,gTi5unw3-PE,@danielrogers3070,http://www.youtube.com/@danielrogers3070,2026-09-19T09:44:52Z,2026-09-19T09:44:52Z,False,0,"was to late for Chelsea Brentford probably would have gone 3:3

Spurs v Villa 0:2
Brighton v Arsenal 1:3
Everton v Ipswich 2:0
Newcastle v Hull 2:0
Forest v Coventry 4:0
Bournemouth v Liverpool 1:3
Leeds v Crystal palace 3:1
Man City v Sunderland 1:1
Fulham v Man United 0:2"
UgxTKNtSsq0KMNrqtn94AaABAg,gTi5unw3-PE,@joseolvera1322,http://www.youtube.com/@joseolvera1322,2026-09-19T08:17:50Z,2026-09-19T08:17:50Z,False,1,"Tottenham 1 Aston Villa 2 
Brighton 2 Arsenal 1 
Everton 1 Ipswich 1
Nottingham 0 Coventry City 1
Bournemouth 0 Liverpool 2
Leeds United 2 Crystal Palace 0
Manchester City 0 Sundeland 1
Manchester United 3 Fulham 1"
UgzADwMfpshbSpX_ENx4AaABAg,gTi5unw3-PE,@MyklYTB,http://www.youtube.com/@MyklYTB,2026-09-19T07:51:44Z,2026-09-19T07:51:44Z,False,0,Finally back since the Ronaldo slander
Ugz7c400m2a6YQ_VlsV4AaABAg,gTi5unw3-PE,@jamestaylormufc,http://www.youtube.com/@jamestaylormufc,2026-09-19T07:22:24Z,2026-09-19T07:22:24Z,False,0,"Tottenham 0-1 Aston villa 
Brighton 1-2 Arsenal
Everton 1-1 Ipswich
Newcastle 1-1 hull
Coventry 0-3 Nottingham forest
Bournemouth 1-0Liverpool
Leeds 2-0 Crystal palace
Man city 2-0 Sunderland
Fulham 1-2 Manchester united"
UgxjE-07C_lGYBEoQmZ4AaABAg,gTi5unw3-PE,@Zigzaggery-m8d,http://www.youtube.com/@Zigzaggery-m8d,2026-09-19T06:39:12Z,2026-09-19T06:39:12Z,False,0,"Brentford 2-1 Chelsea
Spurs 1-1 Villa
Brighton 1-1 Arsenal
Everton 2-0 Ipswich
Newcastle 1-1 Hull
Forest 2-0 Coventry
Bournemouth 1-3 Liverpool
Leeds 1-0 Palace
City 3-0 Sunderland
Fulham 1-1 United"
UgxoBuEhjC0h7XTr-mh4AaABAg,gTi5unw3-PE,@ThegrandtravelNerd,http://www.youtube.com/@ThegrandtravelNerd,2026-09-19T06:27:16Z,2026-09-19T06:27:16Z,False,0,"Brentford 3 Chelsea 0
Spurs 1 Villa 2
Brighton 1 Arsenal 2
Everton 1 Ipswich 1
Newcastle 1 Hull 2
Forest 2 Coventry 1
Bournemouth 0 Liverpool 2
Leeds 3 Palace 0
Man City 3 Sunderland 1
Fulham 0 Man Utd 2"
Ugzf5momTzYpcUuFR9N4AaABAg,gTi5unw3-PE,@pratyushchandra3354,http://www.youtube.com/@pratyushchandra3354,2026-09-19T02:00:54Z,2026-09-19T02:00:54Z,False,0,"Brentford 2 Chelsea 2
Tottenham 0 Aston Villa 1
Brighton 2 Arsenal 2
Everton 2 Ipswich 3
Newcastle 1 Hull City 1
Nottm Forest 3 Coventry 0
Bournemouth 2 Liverpool 2
Leeds 3 Crystal Palace 1
Man City 3 Sunderland 2
Fulham 2 Man United 1"
UgxRQNqkv6D4CgRML5p4AaABAg,gTi5unw3-PE,@andrewlineham5670,http://www.youtube.com/@andrewlineham5670,2026-09-19T01:59:11Z,2026-09-19T01:59:11Z,False,0,Tottenham 1 Villa 0 Brighton 2 Arsenal 1 Everton 0 Ipswich 0 Newcastle 1 hull 1 forest 2 Coventry 0 Bournemouth 1 Liverpool 3 Leeds 1 Palace 1 city 4 Sunderland 2 Fulham 0 united 2
Ugzqh7gEWoRb6Bxg-lR4AaABAg,gTi5unw3-PE,@eldihyseni-e2v,http://www.youtube.com/@eldihyseni-e2v,2026-09-18T23:12:12Z,2026-09-18T23:12:12Z,False,0,"Tottenham Vs Aston Villa 0-0
Arsenal Vs Brighton 1-0
Everton vs Ipswich 2-1
Newcastle Vs Hull 2-1
Nottingham Vs Coventry 3-0
Liverpool Vs Bournemouth 2-2
Leeds Vs Palace 3-0
City Vs Sunderland 3-1
Fulham Vs United 1-2"
UgwJmmVPS4fDVOw1ooR4AaABAg,gTi5unw3-PE,@FullPerspective,http://www.youtube.com/@FullPerspective,2026-09-18T22:48:47Z,2026-09-18T22:48:47Z,False,0,"The BBC claims that no team has ever got 11 points in the first 10 games and been relegated from the premiership.

If this is true then Hull City only need 3 points in 6 games and Ipswich 5 points in 6 games to be safe or they will be the first to go down with such a good start 🤔

As positive as that is for Hull and Ipswich who I think has surprised most, it obviously means that Palace, Spurs, Fulham, Villa and Coventry has a real cause for concern, especially given that Palace at home lost to Ipswich and Coventry at home lost to Hull. Its obviously too early to tell, but it is rare for momentum to shift too drastically in a league. Even when Leicester had a brilliant start and so many thought they would drop off eventually, they ended up winning the league."
UgzNrJl1tpqtpDk6U494AaABAg,gTi5unw3-PE,@trin5118,http://www.youtube.com/@trin5118,2026-09-18T22:13:34Z,2026-09-18T22:13:34Z,False,0,"Brentford 2-0 Chelsea
Spurs 1-1 Aston Villa
Brighton 0-2 Arsenal
Everton 2-1 Ipswich
Newcastle 0-1 Hull
Forest 2-1 Coventry
Bournemouth 2-2 Liverpool
Leeds 2-1 Palace
Man City 2-0 Sunderland
Fulham 1-2 Man United"
UgxcRoA0Bn5KDS-XpDh4AaABAg,gTi5unw3-PE,@FPL-JOSH,http://www.youtube.com/@FPL-JOSH,2026-09-18T21:38:47Z,2026-09-18T21:38:47Z,False,0,"Missed Chelsea vs Brentford
Tottenham 1-1 Aston Villa
Brighton 1-2 Arsenal
Everton 2-1 Ipswich 
Newcastle United 3-2 Hull City
Nottingham Forest 3-0 Coventry
Bournemouth 1-2 Liverpool
Leeds 3-1 Crystal Palace 
Man City 3-1 Sunderland 
Fulham 0-2 Manchester United"
Ugy6-5wwCJyDzqaOhnB4AaABAg,gTi5unw3-PE,@johnsloss9672,http://www.youtube.com/@johnsloss9672,2026-09-18T20:43:07Z,2026-09-18T20:43:07Z,False,0,2 nil to Brentford at 9.40 here such a good manager Keith is becoming 💯
Ugw8xm6x2GuiuYyvH8B4AaABAg,gTi5unw3-PE,@VibeDrift-k7t,http://www.youtube.com/@VibeDrift-k7t,2026-09-18T19:11:39Z,2026-09-18T19:11:39Z,False,0,"Chelsea 2-2 Brentford
Spurs 1-2 Aston Villa
Everton 1-0 Ipswich town
Brighton 1-1 Arsenal
Newcastle 2-1 Hull
Nottingham Forest 3-0 Coventry 
Bournemouth 1-1 Liverpool 
Man City 2-0 Sunderland 
Leeds 1-0 Crystal palace 
Man United  3-2 Fulham"
UgxkQj_sb4ibWez329R4AaABAg,gTi5unw3-PE,@reecetheblack8901,http://www.youtube.com/@reecetheblack8901,2026-09-18T19:11:36Z,2026-09-18T19:11:36Z,False,0,"too late for the Chelsea match rip but heres the rest
wont count but Brentford 0-2 Chelsea
Spurs 0-0 Aston Villa
Everton 2-1 Ipswich
Brighton 0-2 Arsenal
Newcastle 1-1 Hull
Forest 3-0 Coventry
Bournemouth 0-1 Liverpool
Man City 3-2 Sunderland
Leeds 3-1 Crystal Palce
Fulham 1-1 Man U"
Ugwx0wyi_03Xgcu8Q2x4AaABAg,gTi5unw3-PE,@andyw8025,http://www.youtube.com/@andyw8025,2026-09-18T19:07:43Z,2026-09-18T19:07:43Z,False,0,"Brentford 3-3 Chelsea
Tottenham 1-0 Aston Villa
Brighton 2-2 Arsenal 
Everton 2-0 Ipswich Town 
Newcastle United 2-1 Hull City 
Forest 2-1 Coventry 
Bournemouth 1-2 Liverpool 
Leeds United 3-0 Palace 
Man City 2-0 Sunderland 
Fulham 0-1 Manchester United"
UgwB22e8zyRWnZx6qi54AaABAg,gTi5unw3-PE,@michaelscott107,http://www.youtube.com/@michaelscott107,2026-09-18T19:01:01Z,2026-09-18T19:01:01Z,False,0,"Brentford 0-1 Chelsea
Tottenham 1-1 Aston Villa
Brighton 1-1 Arsenal
Everton 2-0 Ipswich Town
Newcastle 2-1 Hull City
Nottingham Forest 2-0 Coventry City
Bournemouth 1-0 Liverpool
Leeds United 2-1 Crystal Palace
Manchester City 2-0 Sunderland
Fulham 1-2 Manchester United"
UgwoXr8O2fxnaqltRXR4AaABAg,gTi5unw3-PE,@rathangjoshi956,http://www.youtube.com/@rathangjoshi956,2026-09-18T19:00:39Z,2026-09-18T19:00:39Z,False,0,"Brentford 2 Chelsea 3
Spurs 1 Aston villa 0
Brighton 1 Arsenal 1
Everton 3 Ipswich 0
Newcastle 1 Hull City 1
NFO 2 Coventry 0
Bournemouth 3 Liverpool 2
Leeds 2 Palace 1
Man City 3 Sunderland 0
Fulham 2 man United 1"
UgyVG1gzJs7oiFdSBS14AaABAg,gTi5unw3-PE,@JuniorG107,http://www.youtube.com/@JuniorG107,2026-09-18T18:58:04Z,2026-09-18T18:58:04Z,False,0,"brentford 2 2 chelsea
spurs 1 1 Aston villa
brighton 0 2 arsenal
Everton 2 1 ipswich
Newcastle 2 1 hull
Forest 3 1 coventry 
Bournemouth 1 1 Liverpool
Leeds 1 0 Crystal palace 
Man city 2 0 Sunderland
Fulham 1 2 Man utd"
Ugyh3qKsjFqfLzIUQJB4AaABAg,gTi5unw3-PE,@ScotchNCigar,http://www.youtube.com/@ScotchNCigar,2026-09-18T18:57:28Z,2026-09-18T18:57:28Z,False,0,"Brentford 1-2 Chelsea
Tottenham 1-1 Aston Villa
Brighton 2-2 Arsenal
Everton 2-0 Ipswich Town
Newcastle 1-0 Hull City
Nottingham Forest 1-0 Coventry City
Bournemouth 1-3 Liverpool
Leeds United 2-1 Crystal Palace
Manchester City 3-0 Sunderland
Fulham 2-1 Manchester United"
UgwF9tnrMHFhJxaAdHV4AaABAg,gTi5unw3-PE,@theastonvillaseal585,http://www.youtube.com/@theastonvillaseal585,2026-09-18T18:57:07Z,2026-09-18T18:57:07Z,False,0,"Brentford 2 Chelsea 2
Spurs 1 Aston Villa 1
Brighton 1 Arsenal 2
Everton 2 Ipswich 1
Newcastle 1 Hull 0
Forest 3 Coventry 1
Bournemouth 2 Liverpool 2
Leeds 3 Palace 1
Man City 2 Sunderland 0
Fulham 1 Man United 2"
Ugy9lF3QfStLGl0aCah4AaABAg,gTi5unw3-PE,@petersands2677,http://www.youtube.com/@petersands2677,2026-09-18T18:53:05Z,2026-09-18T18:53:05Z,False,0,"Brentford 2 - 2 Chelsea 
Tottenham 2 - 1 Aston Villa
Everton 2 - 1 Ipswich Town 
Brighton 1 - 3 Arsenal 
Newcastle 2 - 1 Hull City 
Nottingham Forrest 2 - 1 Coventry 
Bournemouth 1 - 2 Liverpool 
Manchester city 2 - 1 Sunderland 
Leeds 2 - 0 Crystal Palace 
Fulham 0 - 2 Manchester United"
Ugy1_74y3e-aW_KHMid4AaABAg,gTi5unw3-PE,@stanyeslaw,http://www.youtube.com/@stanyeslaw,2026-09-18T18:48:58Z,2026-09-18T18:48:58Z,False,0,"Gameweek 5 predictions

Brentord 1:1 Chelsea
Spurs 2:2 Villa
Brighton 1:2 Arsenal
Everton 2:0 Ipswich
Newcastle 3:1 Hull
Forest 1:0 Coventry 
Bournemouth 1:2 Liverpool
Leeds 2:0 Palace
City 3:0 Sunderland
Fulham 0:1 United"
UgxKCRYAymEqMSRlsGV4AaABAg,gTi5unw3-PE,@cologga,http://www.youtube.com/@cologga,2026-09-18T18:45:33Z,2026-09-18T18:45:33Z,False,0,"Brentford 3 Chelsea 2
Spurs 1 Villa 2
Brighton 0 Arsenal 2
Everton 2 Ipswich 2
Newcastle 1 Hull 1
Forest 3 Coventry 1
Bournemouth 1 Liverpool 2
Leeds 3 Palace 1
City 1 Sunderland 0
Fulham 1 United 2"
Ugy6tsq8_hSJprdIyFt4AaABAg,gTi5unw3-PE,@spongeguybridankia8735,http://www.youtube.com/@spongeguybridankia8735,2026-09-18T18:43:08Z,2026-09-18T18:43:08Z,False,0,"Brentford 1 Chelsea 3
Tottenham 1 Aston Villa 1
Brighton 2 Arsenal 2
Everton 1 Ipswich 0
Newcastle 1 Hull 2
Nottingham Forest 3 Coventry 1
Bournemouth 2 Liverpool 2
Leeds 2 Crystal Palace 1
Manchester City 3 Sunderland 1
Fulham 2 Manchester United 1"
UgzPmu20W4TTl2PvcFx4AaABAg,gTi5unw3-PE,@Drewaldrich1996,http://www.youtube.com/@Drewaldrich1996,2026-09-18T18:38:25Z,2026-09-18T18:38:25Z,False,0,"Brentford 2 - Chelsea 2
Spurs 1 - Villa 1
Brighton 1 - Arsenal 2
Everton 1 - Ipswich 0
Newcastle 1 - Hull 3
Forest 2 - Coventry 0
Bournemouth 1 - Liverpool 1
Leeds 3 - Palace 1
Man City 2 - Sunderland 0
Fulham 1 - Man United 3"
Ugx_ZqT2OGqNSdZtAR94AaABAg,gTi5unw3-PE,@Superpikmin64,http://www.youtube.com/@Superpikmin64,2026-09-18T18:30:08Z,2026-09-18T18:30:08Z,False,0,"Brentford 2 Chelsea 1
Spurs 0 Villa 1
Brighton 0 Arsenal 2
Everton 1 Ipswich 1
Newcastle 1 Hull City 2
Forest 2 Coventry 0
Bournemouth 2 Liverpool 4
Leeds 1 Palace 0 
Man City 4 Sunderland 0
Fulham 2 Man United 1"
UgxLaWcwAtQwhyNZKah4AaABAg,gTi5unw3-PE,@SportsCardsCenter,http://www.youtube.com/@SportsCardsCenter,2026-09-18T18:28:47Z,2026-09-18T18:28:47Z,False,0,"Brentford 2-3 Chelsea
Spurs 1-1 Aston Villa
Brighton 0-2 Arsenal
Everton 2-0 Ipswich Town
Newcastle 1-1 Hull City
Nottingham Forest 2-0 Coventry
Bournemouth 1-2 Liverpool
Leeds 2-0 Crystal Palace
Manchester City 3-1 Sunderland
Fulham 0-1 Manchester United"
UgzfUqJC1NllK4v7iel4AaABAg,gTi5unw3-PE,@HridaySen.,http://www.youtube.com/@HridaySen.,2026-09-18T18:26:14Z,2026-09-18T18:26:14Z,False,0,"Brentford 2 Chelsea 3 
Spurs 1 Aston Villa 2 
Brighton 2 Arsenal 1
 Everton 1 Ipswich 1 
 Newcastle 1 Hull city 2 
Nottingham forest 3 Coventry city 1 
Bourmouth 1 Liverpool 1 
Leeds united 1 Crystal palace 3 
Man city 3 Sunderland 2 
Fulham 2 Man united 0"
UgyPNo9u5aQQjusDAuJ4AaABAg,gTi5unw3-PE,@franktheflamingo5466,http://www.youtube.com/@franktheflamingo5466,2026-09-18T18:21:30Z,2026-09-18T18:21:30Z,False,0,"Brentford 2 Chelsea 1
Spurs 0 Villa 0
Brighton 0 Arsenal 3
Everton 2 Ipswich 0
Newcastle 1 Hull City 2
Forest 4 Coventry 1
Bournemouth 2 Liverpool 2
Leeds 3 Palace 0
Man City 2 Sunderland 0
Fulham 1 Man United 1"
Ugw7kp7kNT0gcz83ngJ4AaABAg,gTi5unw3-PE,@ElecTrick11037,http://www.youtube.com/@ElecTrick11037,2026-09-18T18:11:16Z,2026-09-18T18:11:16Z,False,0,"Alright, this'll be interesting...

Brentford 3-2 Chelsea
Tottenham 1-0 Aston Villa
Everton 1-1 Ipswich
Brighton 2-1 Arsenal
Newcastle 1-1 Hull
Nottingham Forest 2-0 Coventry
Bournemouth 1-3 Liverpool
Man City 2-0 Sunderland
Leeds 3-1 Crystal Palace
Fulham 0-0 Man United"
Ugw5SZim3hx-MGtSqZ54AaABAg,gTi5unw3-PE,@ghjn5640,http://www.youtube.com/@ghjn5640,2026-09-18T18:09:30Z,2026-09-18T18:09:30Z,False,0,"Brentford 2-2 Chelsea
Tottenham Hotspur 0-1 Aston Villa
Brighton & Hove Albion 1-2 Arsenal
Everton 2-2 Ipswich Town
Newcastle United 1-1 Hull City
Nottingham Forest 2-1 Coventry City
Bournemouth 2-3 Liverpool
Leeds United 3-1 Crystal Palace
Manchester City 2-1 Sunderland
Fulham 1-2 Manchester United"
UgwEpcVWlA_zfqPWQul4AaABAg,gTi5unw3-PE,@MbokaziFan,http://www.youtube.com/@MbokaziFan,2026-09-18T18:08:32Z,2026-09-18T18:08:32Z,False,0,"Brentford 2 Chelsea 2
Spurs 0 Villa 0
Brighton 0 Arsenal 1
Everton 1 Ipswich 1
Newcastle 2 Hull 1
Nottingham Forest 3 Coventry 0
Bournemouth 2 Liverpool 1
Leeds 3 Crystal Palace 0
Man City 2 Sunderland 0
Fulham 2 Man United 1"
UgyHRtt6IEpWQisUH6p4AaABAg,gTi5unw3-PE,@KrazyKenyan,http://www.youtube.com/@KrazyKenyan,2026-09-18T18:03:15Z,2026-09-18T18:03:15Z,False,0,"Brentford 2 Chelsea 2
Spurs 1 Villa 1
Brighton 1 Arsenal 2
Everton 0 Ipswich 0
Newcastle 2 Hull City 1
Forest 3 Coventry 0
Bournemouth 2 Liverpool 3
Leeds 3 Palace 1 
Man City 3 Sunderland 0
Fulham 2 Man United 1"
Ugwq7r5z8qoKFc12W_R4AaABAg,gTi5unw3-PE,@andresarnold6555,http://www.youtube.com/@andresarnold6555,2026-09-18T18:02:56Z,2026-09-18T18:02:56Z,False,0,"Brentford 1-2 Chelsea
Spurs 0-1 Manchester United
Everton 1-0 Ipswich
Brighton 0-2 Arsenal
Newcastle United 1-2 Hull City
Nottingham Forest 3-0 Coventry
Bournemouth 0-3 Liverpool
Manchester City 2-0 Sunderland
Leeds United 3-1 Crystal Palace"
UgzwcZKD2FRDLNx1oNp4AaABAg,gTi5unw3-PE,@KillKvara,http://www.youtube.com/@KillKvara,2026-09-18T18:00:05Z,2026-09-18T18:00:05Z,False,0,"Brentford vs Chelsea — 2-1
Tottenham vs Aston Villa — 1-1
Brighton vs Arsenal —1-3
Everton vs Ipswich — 2-0
Manchester City vs Sunderland — 1-1
Newcastle vs Hull City —2-1
Nottingham Forest vs Coventry City — 2-0
Leeds United vs Crystal Palace — 2-0
Bournemouth vs Liverpool — 2-2
Fulham vs Manchester United —  1-3"
UgwNKqzQuU0iYFgCXIR4AaABAg,gTi5unw3-PE,@Zeroisking0,http://www.youtube.com/@Zeroisking0,2026-09-18T17:57:19Z,2026-09-18T17:57:19Z,False,0,"Week 5 predictions:
Brentford 2-1 Chelsea
Spurs 1-2 Aston Villa
Brighton 1-1 Arsenal 
Everton 2-0 Ipswich
Newcastle 0-0 Hull
Forest 2-0 Coventry
Bournemouth 1-1 Liverpool
Leeds 3-0 Crystal Palace
Man City 2-2 Sunderland
Fulham 1-1 Man United"
UgxvgpO3NKOlhxlUisd4AaABAg,gTi5unw3-PE,@xpertassassin8178,http://www.youtube.com/@xpertassassin8178,2026-09-18T17:54:22Z,2026-09-18T17:54:22Z,False,0,"Brentford 2-2 Chelsea
Tottenham 2-1 Aston Villa
Brighton 1-2 Arsenal
Everton 2-0 Ipswich
Newcastle 1-1 Hull City
Nottingham Forest 2-0 Coventry
Bournemouth 2-2 Liverpool
Leeds United 2-1 Crystal Palace
Manchester City 1-1 Sunderland
Fulham 0-1 Manchester United"
UgxEtHaP_iOpUyaaMtZ4AaABAg,gTi5unw3-PE,@oliverlittle7704,http://www.youtube.com/@oliverlittle7704,2026-09-18T17:51:32Z,2026-09-18T17:51:32Z,False,0,"BRE 2 - 3 CHE 
TOT 1 - 2 AVL 
BHA 1 - 2 ARS 
EVE 2 - 0 IPS 
NEW 1 - 0 HUL 
NFO 3 - 1 COV 
BOU 1 - 2 LIV 
LEE 2 - 0 CRY 
MCI 2 - 1 SUN 
FUL 1 - 1 MUN"
Ugw_ldEnqJV9sIfC1Tl4AaABAg,gTi5unw3-PE,@Gullpatron,http://www.youtube.com/@Gullpatron,2026-09-18T17:51:00Z,2026-09-18T17:51:00Z,False,0,"Brentford 2 Chelsea 3
Spurs 1 Villa 1
Brighton 2 Arsenal 2
Everton 0 Ipswich 0
Newcastle 1 Hull 2
Forest 4 Coventry 1
Bournemouth 2 Liverpool 1
Leeds 1 Palace 3
Man City 2 Sunderland 0
Fulham 2 Man United 2"
Ugz8teHCCijgw-xSjPN4AaABAg,gTi5unw3-PE,@ljrsavage6612,http://www.youtube.com/@ljrsavage6612,2026-09-18T17:46:30Z,2026-09-18T17:46:30Z,False,0,"Brentford 2 Chelsea 3
Spurs 0 Aston Villa 0
Brighton 1 Arsenal 2
Everton 1 Ipswich 1
Newcastle 2 Hull City 
Forrest 3 Coventry 0
Bournemoth 1 Liverpool 2
Leeds 3 Palace 1
Man City 2 Sunderland 0
Fulham 2 Man United 1"
UgzU7OdBlHY7ApL0bF94AaABAg,gTi5unw3-PE,@Nastaranjafarharasi,http://www.youtube.com/@Nastaranjafarharasi,2026-09-18T17:46:14Z,2026-09-18T17:46:14Z,False,1,"My Gameweek 5 predictions:

Brentford 2 Chelsea 2
Tottenham 1 Aston Villa 1
Everton 1 Ipswich 1
Brighton 1 Arsenal 2
Newcastle 1 Hull City 1
Nottingham Forest 1 Coventry City 0
Bournemouth 1 Liverpool 2
Manchester City 2 Sunderland 1
Leeds United 3 Crystal Palace 1
Fulham 1 Manchester United 1"
Ugw7KCQJwUoSNfO2vep4AaABAg,gTi5unw3-PE,@Kam08-r5u,http://www.youtube.com/@Kam08-r5u,2026-09-18T17:43:54Z,2026-09-18T17:43:54Z,False,0,"Brentford 1-1 Chelsea
Spurs 1-1 Villa
Everton 3-1 Ipswich
Brighton 1-3 Arsenal 
Newcastle 1-1 Hull
Forest 4-2 Coventry
Bournemouth 2-2 Liverpool 
Man City 1-1 Sunderland 
Leeds 2-0 Palace
Fulham 2-1 Man United"
UgytVf1zNhr6ys9IPjx4AaABAg,gTi5unw3-PE,@Themosquito_,http://www.youtube.com/@Themosquito_,2026-09-18T17:43:49Z,2026-09-18T17:43:49Z,False,0,"BRE 2 - 3 CHEL
TOT 0 - 1 AVL
BHA 1 - 2 ARS
EVE 2 - 1 IPS
NEW 0 - 0 HUL
NOT 1 - 0 COV
BOU 1 - 1 LIV
LEE 2 - 0 CRY
MCI 1 - 0 SUN
FUL 1 - 1 MUN"
UgwzByFYRHNvYbVpbad4AaABAg,gTi5unw3-PE,@footyanimator,http://www.youtube.com/@footyanimator,2026-09-18T17:42:46Z,2026-09-18T17:42:46Z,False,0,"Premier League Week 5
Brentford 2-3 Chelsea
Tottenham 1-1 Villa
Brighton 2-2 Arsenal
Everton 2-1 Ipswich
Newcastle 0-0 Hull
Forest 3-0 Coventry
Bournemouth 1-2 Liverpool
Leeds 2-0 Palace
City 3-1 Sunderland
Fulham 0-2 Man United"
Ugxxo6_fx8WDO7ZUjSt4AaABAg,gTi5unw3-PE,@willrelf92,http://www.youtube.com/@willrelf92,2026-09-18T17:40:36Z,2026-09-18T17:40:36Z,False,1,"Brentford 2-2 Chelsea
Spurs 1-1 Aston Villa
Brighton 1-2 Arsenal
Everton 1-0 Ipswich
Newcastle 2-1 Hull
Nottingham Forest 2-0 Coventry
Bournemouth 2-2 Liverpool
Leeds 2-1 Crystal Palace
Man City 3-1 Sunderland
Fulham 3-2 Man United"
Ugy7cwYuYN-V1LFV93Z4AaABAg,gTi5unw3-PE,@jeffbeck37,http://www.youtube.com/@jeffbeck37,2026-09-18T17:39:28Z,2026-09-18T17:39:28Z,False,0,"Brentford 2 Chelsea 1
Spurs 2 Villa 0
Brighton 1 Arsenal 4
Everton 3 Ipswich 0
Newcastle 1 Hull City 2
Forest 3 Coventry 0
Bournemouth 3 Liverpool 4
Leeds 3 Palace  0 
Man City 4 Sunderland 2
Fulham 0 Man United 4"
Ugx2dU_6cZXggJe3BAZ4AaABAg,gTi5unw3-PE,@Wondersoc,http://www.youtube.com/@Wondersoc,2026-09-18T17:38:19Z,2026-09-18T17:38:19Z,False,0,"Brentford 3-3 Chelsea
Spurs 1-0 Villa
Brighton 1-2 Arsenal
Everton 1-0 Ipswich
Newcastle 2-1 Hull City
Nottingham Forrest 2-0 Coventry
Bournemouth 1-3 Liverpool
Leeds 3-0 Crystal Palace
Man City 1-1 Sunderland
Fulham 1-1 Man United"
UgzMnfgoeZ5nNK4NcJh4AaABAg,gTi5unw3-PE,@rfatih95,http://www.youtube.com/@rfatih95,2026-09-18T17:37:56Z,2026-09-18T17:37:56Z,False,0,"Brentford 0-2 Chelsea
Spurs 0-0 Villa
Brighton 0-2 Arsenal 
Everton 1-1 Ipswich 
Newcastle 0-1 Hull
Forest 2-1 Coventry 
Bournemouth 1-4 Liverpool 
Leeds 0-0 Palace
City 4-1 Sunderland 
Fulham 2-2 Man Utd"
Ugzqk_yWN_QTi4oNsSl4AaABAg,gTi5unw3-PE,@justinbrown-zr9zf,http://www.youtube.com/@justinbrown-zr9zf,2026-09-18T17:34:17Z,2026-09-18T17:34:17Z,False,0,"Brentford 4 Chelsea 3
Tottenham 0 Aston Villa 3
Brighton 1 Arsenal 2
Everton 1 Ipswich 1
Newcastle 0 Hull 2
Nottingham Forest 0 Coventry 1
Bournemouth 1 Liverpool 2
Leeds 5 Crystal Palace 1
Manchester City 1 Sunderland 2
Fulham 0 Manchester United 4"
UgwILb2TWdsbGfmdAvZ4AaABAg,gTi5unw3-PE,@ГеоргиДимитров-н6л,http://www.youtube.com/@%D0%93%D0%B5%D0%BE%D1%80%D0%B3%D0%B8%D0%94%D0%B8%D0%BC%D0%B8%D1%82%D1%80%D0%BE%D0%B2-%D0%BD6%D0%BB,2026-09-18T17:32:30Z,2026-09-18T17:32:30Z,False,0,"Brentford 0:2 Chelsea 
Spurs 0:1 Villa
Brighton 0:2 Arsenal
Everton 3:1 Ipswich
Newcastle 2:2 Hull
Forest 1:0 Coventry
Bournemouth 0:2 Liverpool
Leeds 1:1 Palace
Man City 2:0 Sunderland
Fulham 0:1 Man United"
UgzZiQFHIJnKrlFdJ7F4AaABAg,gTi5unw3-PE,@Bamsi-tl4nk,http://www.youtube.com/@Bamsi-tl4nk,2026-09-18T17:29:33Z,2026-09-18T17:29:33Z,False,0,"My Premier League Gameweek 5 predictions:
Brentford 0-2 Chelsea
Tottenham 1-2 Aston Villa
Brighton 1-2 Arsenal
Everton 2-1 Ipswich Town
Newcastle United 2-2 Hull City
Nottingham Forest 2-0 Coventry City
Bournemouth 1-3 Liverpool 
Leeds 3-1 Crystal Palace 
Manchester City 2-0 Sunderland 
Fulham 2-1 Manchester United"
UgyfAK2lyT9Y8B-GW1N4AaABAg,gTi5unw3-PE,@idkkkkkkkk_,http://www.youtube.com/@idkkkkkkkk_,2026-09-18T17:22:49Z,2026-09-18T17:22:49Z,False,0,"Brentford 3 Chelsea 2
Spurs 2 Villa 1
Brighton 0 Arsenal 2
Everton 1 Ipswich 0
Newcastle 2 Hull City 0
Forest 4 Coventry 1
Bournemouth 1 Liverpool 1
Leeds 2 Palace 2
Man City 3 Sunderland 0
Fulham 0 Man United 1"
Ugxnf2jE2Rd5IYcJ6LV4AaABAg,gTi5unw3-PE,@bingoper48_44,http://www.youtube.com/@bingoper48_44,2026-09-18T17:22:03Z,2026-09-18T17:22:03Z,False,0,"Brentford 2 Chelsea 2
Spurs 1 Villa 0
Brighton 2 Arsenal 2
Everton 2 Ipswich 1
Newcastle 1 Hull 2
Forest 5 Coventry 1
Bournemouth 2 Liverpool 2
Leeds 1 Palace 2
Man City 3 Sunderland 0
Fulham 2 Man United 2"
UgxkjK4sc6D3SmceG3x4AaABAg,gTi5unw3-PE,@channelname9468,http://www.youtube.com/@channelname9468,2026-09-18T17:20:50Z,2026-09-18T17:20:50Z,False,0,"Brentford 2-2 Chelsea
Spurs 2-1 Villa
Brighton 2-1 Arsenal
Everton 2-1 Ipswich
Newcastle 1-1 Hull City
Forrest 3-1 Coventry
Bournemouth 2-1 Liverpool
Leeds 2-0 Palace
Man City 3-0 Sunderland
Fulham 1-2 Man United"
UgyXnB2pnkTp4lbLeDV4AaABAg,gTi5unw3-PE,@Che3etox,http://www.youtube.com/@Che3etox,2026-09-18T17:12:04Z,2026-09-18T17:12:04Z,False,0,"Brentford 2 Chelsea 4
Spurs 1 Villa 2
Brighton 1 Arsenal 3
Everton 0 Ipswich 1
Newcastle 2 Hull City 2
Forest 3 Coventry 1
Bournemouth 1 Liverpool 4
Leeds 2 Palace 1 
Man City 3 Sunderland 0
Fulham 1 Man United 2"
UgwepwfjO_nl_gYkCRZ4AaABAg,gTi5unw3-PE,@nyendwakabayi3323,http://www.youtube.com/@nyendwakabayi3323,2026-09-18T17:09:03Z,2026-09-18T17:09:03Z,False,0,"Brentford 1-1 Chelsea
Spurs 2-0 Villa
Brighton 1-3 Arsenal
Everton 1-0 Ipswich
Newcastle 2-1 Hull
Nottingham 3-0 Coventry
Bournemouth 2-2 Liverpool
Leeds 2-0 Crystal palace
Man city 4-0 Sunderland 
Fulham 1-3 Manchester united"
Ugzi8-ObVYwOZfqbz2B4AaABAg,gTi5unw3-PE,@hamzaelkholy3289,http://www.youtube.com/@hamzaelkholy3289,2026-09-18T17:07:10Z,2026-09-18T17:07:10Z,False,0,"Brentford 2 - 3 Chelsea
Tottenham 0 - 1 Aston Villa
Brighton 0 - 2 Arsenal
Newcastle 1 - 1 Hull City
Everton 2 - 1 Ipswich
Forest 2 - 0 Coventry
Man City 3 - 0 Sunderland
Bournemouth 1 - 2 Liverpool
Leeds 2 - 2 Crystal Palace
Fulham 0 - 0 Man United"
UgwRG0eHw8_uUb0JwO94AaABAg,gTi5unw3-PE,@salvadormartinez1224,http://www.youtube.com/@salvadormartinez1224,2026-09-18T17:06:58Z,2026-09-18T17:06:58Z,False,0,"Brentford 1 Chelsea 2
Spurs 2 Villa 1
Brighton 1 Arsenal 2
Everton 2 Ipswich 0
Newcastle 2 Hull City 1
Forest 2 Coventry 0
Bournemouth 1 Liverpool 2
Leeds 2 Palace 1 
Man City 3 Sunderland 0
Fulham 1 Man United 1"
Ugw7FRNiTN52S-EbtSp4AaABAg,gTi5unw3-PE,@xygut,http://www.youtube.com/@xygut,2026-09-18T17:01:20Z,2026-09-18T17:01:20Z,False,0,"Brentford 1-2 Chelsea 
Tottenham 1-3 Aston Villa
Brighton 1-2 Arsenal 
Everton 1-1 Ipswich 
Newcastle 2-0 Hull
Nottingham Forest 2-0 Coventry 
Bournemouth 1-2 Liverpool 
Leeds 2-0 Crystal Palace 
Man City 3-1 Sunderland 
Fulham 2-2 Man United"
Ugx8eokNmVQ57HjMdmd4AaABAg,gTi5unw3-PE,@Ðïčķmäştẽř69,http://www.youtube.com/@%C3%90%C3%AF%C4%8D%C4%B7m%C3%A4%C5%9Ft%E1%BA%BD%C5%9969,2026-09-18T17:01:12Z,2026-09-18T17:01:12Z,False,0,"Brentford 1 Chelsea 3
Spurs 0 Villa 0 (shit vs shit)
Brighton 1 Arsenal 1
Everton 2 Ipswich 2
Newcastle 1 Hull 2
Forest 4 Coventry 1
Bournemouth 0 Liverpool 2
Leeds 4 Palace 0
City 3 Sunderland 1
Fulham 1 United 0"
UgzBMPDc3UoLVuGBZth4AaABAg,gTi5unw3-PE,@thandomthembu1216,http://www.youtube.com/@thandomthembu1216,2026-09-18T16:59:12Z,2026-09-18T16:59:12Z,False,0,"Brentford 2-2 Chelsea
Spurs 1-3 Aston villa
Everton 2-0 Ipswich
Brighton 0 - 2 Arsenal
Newcastle 1 - 0 Hull
Forest 3 - 0 cov
B'mouth 2 - 3 Liverpool
Man city 2 - 0 Sunderland
Leeds 1 - 1 palace
Fulham 0 - 2 Man u"
Ugy_fHMHFJaSho6tti54AaABAg,gTi5unw3-PE,@williamkirksey1669,http://www.youtube.com/@williamkirksey1669,2026-09-18T16:52:50Z,2026-09-18T16:52:50Z,False,0,"Brentford 2 Chelsea 2
Spurs 1.        Villa 0
Brighton 1   Arsenal 1
Everton  2.    Ipswich. 0
Newcastle 1.  Hull.  1
N Forest.   2.     Coventry. 1
Bournemouth 1.   Liverpool 1
Leeds.     2.      Palace.   1
Man City.  4.    Sunderland  2
Fulham  1.       Man United 2"
UgwQl-Cxpz8oKobPUaF4AaABAg,gTi5unw3-PE,@BYH-19,http://www.youtube.com/@BYH-19,2026-09-18T16:50:35Z,2026-09-18T16:50:35Z,False,0,"Brentford 2–2 Chelsea
Tottenham 0–0 Aston Villa
Brighton 1–2 Arsenal
Everton 2-0 Ipswich
Newcastle 1–2 Hull
Nottingham Forest 2–0 Coventry
Bournemouth 2–2 Liverpool
Leeds 3–1 Crystal Palace
Man City 2–0 Sunderland
Fulham 1–2 Man Utd"
Ugwhwh2JDBNP0fyL-h94AaABAg,gTi5unw3-PE,@arthurhanley1536,http://www.youtube.com/@arthurhanley1536,2026-09-18T16:49:45Z,2026-09-18T16:49:45Z,False,1,"My Gameweek 5 Predictions:

Brentford 3 Chelsea 2
Tottenham Hotspur 1 Aston Villa 1
Everton 1 Ipswich Town 2
Brighton 1 Arsenal 3
Newcastle United 1 Hull City 2
Nottingham Forest 3 Coventry City 1
Bournemouth 1 Liverpool 2
Manchester City 3 Sunderland 0
Leeds United 2 Crystal Palace 1
Fulham 2 Manchester United 2"
UgzrYPRCECkbPC6DMXF4AaABAg,gTi5unw3-PE,@elias6126,http://www.youtube.com/@elias6126,2026-09-18T16:46:58Z,2026-09-18T16:46:58Z,False,0,"Brentford 2-3 Chelsea
Tottenham 2-0 Aston Villa
Brighton 2-2 Arsenal
Everton 2-0 ipswich
Newcastle 2-2 Hull City
Nottingham 0-1 coventry
Bournemouth 1-2 Liverpool
leeds 3-1 crystal palace
Man city 4-0 sunderland
fulham 1-2 man united"
UgzcOekhIpd8VUr0BtB4AaABAg,gTi5unw3-PE,@Pedro-st3pg,http://www.youtube.com/@Pedro-st3pg,2026-09-18T16:45:40Z,2026-09-18T16:45:40Z,False,0,"Brentford 1 Chelsea 2
Spurs 1 Villa 0
Brighton 2 Arsenal 2
Everton 1 Ipswich 0
Newcastle 1 Hull City 2
Forest 2 Coventry 1
Bournemouth 2 Liverpool 3
Leeds 2 Palace 0 
Man City 2 Sunderland 1
Fulham 1 Man United 1"
Ugz_xf_9cf-7r9CYvaF4AaABAg,gTi5unw3-PE,@TawananyashaMufandaedza-c3k,http://www.youtube.com/@TawananyashaMufandaedza-c3k,2026-09-18T16:44:52Z,2026-09-18T16:44:52Z,False,0,"Chelsea 3 brentford 3 
Spurs 2 Aston Villa 1
Brighton 0 Arsenal 2
Everton 3 Ipswich 0
Newcastle 1 Hull 1
Nottm forest 4 coventry 0
Bournemouth 2 Liverpool 3
Leeds 3 Crystal palace 1
Man city 3 Sunderland 0
Fulham 1 Man Utd 3"
Ugzc22pBhGMyr13HCLt4AaABAg,gTi5unw3-PE,@RyanH2005,http://www.youtube.com/@RyanH2005,2026-09-18T16:39:09Z,2026-09-18T16:39:09Z,False,0,"Brentford 1-2 Chelsea
Tottenham 1-2 Aston Villa
Brighton 1-2 Arsenal
Everton 2-0 Ipswich
Newcastle 1-1 Hull
Forest 2-1 Coventry
Bournemouth 1-2 Liverpool
Leeds 1-1 Palace
Man City 3-0 Sunderland
Fulham 1-2 Man United"
UgxFlrKmMZAIQietMtl4AaABAg,gTi5unw3-PE,@snash8831,http://www.youtube.com/@snash8831,2026-09-18T16:34:02Z,2026-09-18T16:34:02Z,False,0,"Brentford 2 Chelsea 2
Tottenham 1 Aston Villa 1
Brighton 1 Arsenal 2
Everton 2 Ipswich 0
Newcastle 1 Hull City 1
Nottm Forest 3 Coventry 0
Bournemouth 1 Liverpool 2
Leeds 3 Crystal Palace 1
Man City 3 Sunderland 0
Fulham 1 Man United 1"
Ugx8XFFIpQhzg4JxHIV4AaABAg,gTi5unw3-PE,@zods-os2eb,http://www.youtube.com/@zods-os2eb,2026-09-18T16:29:08Z,2026-09-18T16:29:08Z,False,1,"Brentford 3 Chelsea 0
Spurs 0 Villa 2
Brighton 0 Arsenal 1
Everton 2 Ipswich 2
Newcastle 3 Hull 1
Forest 2 Coventry 0
Bournemouth 2 Liverpool 1
Leeds 3 Palace 0
Man City 1 Sunderland 0
Fulham 1 Man United 2"
Ugx_-YhPFgoelmWvSZ94AaABAg,gTi5unw3-PE,@WMSFAN205,http://www.youtube.com/@WMSFAN205,2026-09-18T16:23:11Z,2026-09-18T16:23:11Z,False,0,"Brentford 2-2 Chelsea
 Spurs 1-1 Aston Villa
 Brighton 0-1 Arsenal
 Everton 1-1 Ipswich
 Newcastle 0-1 Hull
 Forest 2-0 Coventry
 Bournemouth 1-1 Liverpool
Leeds 3-1 Palace
 Man City 2-0 Sunderland
Fulham 0-1 Man United"
UgxB0I6lCSlAzQ3kGAB4AaABAg,gTi5unw3-PE,@LavinA1459,http://www.youtube.com/@LavinA1459,2026-09-18T16:23:03Z,2026-09-18T16:23:03Z,False,0,"Brentford v Chelsea — 2-3
Tottenham v Aston Villa — 1-0
Brighton v Arsenal — 0-2
Everton v Ipswich — 1-0
Newcastle v Hull — 1-2
Nott'm Forest v Coventry — 3-0
Bournemouth v Liverpool — 1-1
Leeds v Crystal Palace — 2-0
Man City v Sunderland — 4-0
Fulham v Man Utd — 0-2"
UgwkL9USh3vzOYwvq-54AaABAg,gTi5unw3-PE,@BodgeItandLegItStudios,http://www.youtube.com/@BodgeItandLegItStudios,2026-09-18T16:21:06Z,2026-09-18T16:21:06Z,False,1,"Brentford 2 - 3 Chelsea
Spurs 1 - 1 Aston Villa
Brighton 2 - 2 Arsenal
Everton 1 - 0 Ipswich 
Newcastle 1 - 1 Hull
Nottingham Forest 2 - 0 Coventry
Bournemouth 1 - 2 Liverpool
Leeds 3 - 1 Crystal Palace 
Manchester City 2 - 1 Sunderland
Fulham 0 - 1 Manchester United"
Ugz1pzXcoTCsggsUt754AaABAg,gTi5unw3-PE,@evelynmungau9319,http://www.youtube.com/@evelynmungau9319,2026-09-18T16:14:29Z,2026-09-18T16:14:29Z,False,0,"Brentford 1 Chelsea 3 
Spurs 1 Villa 3
Brighton 1 Arsenal 2
Everton 2 Ipswich 2 
Newcastle 2 Hull 0
Forest 3 Coventry 1
Bournemouth 1 Liverpool 1
Leeds 1 Palace 2 
Man City 3 Sunderland 1
Fulham 2 Man united 1"
Ugzhmcd-TOF_yOonM7V4AaABAg,gTi5unw3-PE,@tarushbhatia3263,http://www.youtube.com/@tarushbhatia3263,2026-09-18T16:10:07Z,2026-09-18T16:10:07Z,False,0,"Brentford 2 Chelsea 1
Spurs 0 Villa 0
Brighton 1 Arsenal 1
Everton 1 Ipswich 0
Newcastle 2 Hull 2
Forest 3 Coventry 1
Bournemouth 2 Liverpool 2
Leeds 3 Palace 1
Man City 1 Sunderland 0
Fulham 1 Man Utd 3"
Ugxbid4sHUTNkqop-JN4AaABAg,gTi5unw3-PE,@brunochip2380,http://www.youtube.com/@brunochip2380,2026-09-18T16:08:30Z,2026-09-18T16:08:30Z,False,0,"Brentford 0-2 Chelsea
Tottenham 0-1 Aston villa
Brighton 1-3 Arsenal
Everton 3-0 Ipswich 
Newcastle 1-1 Hull
Forest 2-1 Coventry 
Bournemouth 1-2 Liverpool
Leeds 2-0 Palace
Man city 3-1 Sunderland 
Fulham 1-3 Man united"
UgwWFr7LeKIiwSwXurV4AaABAg,gTi5unw3-PE,@PepechuxD,http://www.youtube.com/@PepechuxD,2026-09-18T16:08:09Z,2026-09-18T16:08:09Z,False,0,"Brentford 1 Chelsea 3
Spurs 0 Aston Villa 1
Everton 2 Ipswich 2
Brighton 1 Arsenal 1
Newcastle 2 Hull City 1
Nottingham Forest 3 Coventry City 1 
Bournemouth 2 Liverpool 4
Man City 1 Sunderland 0
Leeds 3 Crystal Palace 0
Fulham 1 Man United 4"
UgxBi4we6q1NYjofXFh4AaABAg,gTi5unw3-PE,@JustTheOneSwanActually,http://www.youtube.com/@JustTheOneSwanActually,2026-09-18T16:05:40Z,2026-09-18T16:05:40Z,False,0,"Brentford 2-2 Chelsea 
Tottenham 1-1 Aston Villa
Brighton 1-1 Arsenal 
Everton 1-0 Ipswich 
Newcastle 2-1 Hull
Nottingham Forest 3-1 Coventry 
Bournemouth 1-2 Liverpool 
Leeds 1-1 Crystal Palace 
Man City 3-0 Sunderland 
Fulham 1-2 Man United"
Ugxj6NFVFi6JPQo04px4AaABAg,gTi5unw3-PE,@MZAce,http://www.youtube.com/@MZAce,2026-09-18T16:03:39Z,2026-09-18T16:03:39Z,False,0,"Getting every result correct just watch

Brentford v Chelsea 2-1
Spurs v Villa 1-1
Brighton v Arsenal 0-1
Everton v Ipswich 0-1
Newcastle v Hull City 2-3
Forest v Coventry 1-1
Bournemouth v Liverpool 1-2
Leeds v Palace 2-2
Man City v Sunderland 2-0
Fulham v Man United 1-1"
Ugx2ZqH44AcIf42LhSx4AaABAg,gTi5unw3-PE,@Shippers07,http://www.youtube.com/@Shippers07,2026-09-18T16:03:34Z,2026-09-18T16:03:34Z,False,0,"Brentford 2 Chelsea 3
Spurs 1 Villa 0
Everton 2 Ipswich 1
Brighton 1 Arsenal 1
Newcastle 1 Hull 2
Forest 3 Coventry 0
Bournemouth 3 Liverpool 1
Man City 2 Sunderland 0
Leeds 3 Palace 0
Fulham 2 Man United 1"
Ugzg9d3Tt6zmsIu43GV4AaABAg,gTi5unw3-PE,@FootyFever-m3s,http://www.youtube.com/@FootyFever-m3s,2026-09-18T16:01:18Z,2026-09-18T16:01:18Z,False,0,"Brentford 2 Chelsea 2
Spurs 0 Aston Villa 1
Everton 2 Ipswich Town 0
Brighton 1 Arsenal 2
Newcastle 1 Hull 1
Nottm Forest 3 Coventry 0
Bournemouth 1 Liverpool 3
Man City 3 Sunderland 1
Leeds 3 Palace 1
Fulham 1 Man United 2"
UgyHXXAEm9meRWRGW1B4AaABAg,gTi5unw3-PE,@DummyMama-tv4hg,http://www.youtube.com/@DummyMama-tv4hg,2026-09-18T16:01:16Z,2026-09-18T16:01:16Z,False,0,"Brentford 2 Chelsea 2
Spurs 0  Villa 1
Brighton 1 Arsenal 2
Everton 2 Ipswich 1
Newcastle 1 Hull City 2
Forest 4 Coventry 0
Bournemouth 1 Liverpool 2
Leeds 3 Palace 1 
Man City 2 Sunderland 0
Fulham 2 Man United 2"
UgzmRWnRwDNTkepvpuN4AaABAg,gTi5unw3-PE,@bengtgunnardereksson2090,http://www.youtube.com/@bengtgunnardereksson2090,2026-09-18T15:55:20Z,2026-09-18T15:55:20Z,False,0,"Brentford v Chelsea 1-3
Spurs v Aston Villa 0-1
Brighton v Arsenal 0-1
Everton v Ipswich 2-3
Newcastle v Hull 1-2
Forest v Coventry 2-0
Bournemouth v Liverpool 1-1
Leeds v Palace 3-0
Man City v Sunderland 3-1
Fulham v Man United 2-1"
UgzXWCLkSTFBqQQCxuh4AaABAg,gTi5unw3-PE,@ChrisS-051,http://www.youtube.com/@ChrisS-051,2026-09-18T15:41:12Z,2026-09-18T15:41:12Z,False,0,"Brentford 2-2 Chelsea
Tottenham 1-1 A Villa
Hove 0-1 Arsenal
Everton 2-0 Ipswich
Newcastle 1-1 Hull
N Forest 2-0 Coventry
Bournemouth 1-1 Liverpool
Leeds 3-0 C Palace
Man City 2-0 Sunderland
Fulham 2-1 Man Utd"
Ugxin-xl09UuD7NCVuN4AaABAg,gTi5unw3-PE,@rohailmahmood3847,http://www.youtube.com/@rohailmahmood3847,2026-09-18T15:40:21Z,2026-09-18T15:40:21Z,False,1,"Brentford 2-3 Chelsea 
Spurs 1-1 Villa 
Brighton 0-2 Arsenal 
Everton 1-2 Ipswich 
Newcastle 0-0 Hull City 
Forest 1-0 Coventry 
Bournemouth 1-2 Liverpool 
Leeds 2-0 Palace 
Man City 3-1 Sunderland 
Fulham 2-2 Man United"
