Rank,Author,Channel_URL,Gameweeks_Played,Total_Matches_Predicted,Total_Exact_Scores (3pts),Total_Outcome_Scores (1pt),Total_Season_Points
1,@snash8831,http://www.youtube.com/@snash8831,6,60,11,16,49
2,@IvoTheGhouI,http://www.youtube.com/@IvoTheGhouI,6,59,9,21,48
3,@theinformer499,http://www.youtube.com/@theinformer499,5,50,9,18,45
4,@kylere2k9,http://www.youtube.com/@kylere2k9,6,57,10,14,44
5,@hopjoshkins,http://www.youtube.com/@hopjoshkins,6,60,8,19,43
6,@Ja23Bi,http://www.youtube.com/@Ja23Bi,6,60,8,19,43
7,@LieutenantPulp,http://www.youtube.com/@LieutenantPulp,6,60,7,22,43
8,@Darko_Milosevski03,http://www.youtube.com/@Darko_Milosevski03,6,60,9,15,42
9,@Knowledge5eeker,http://www.youtube.com/@Knowledge5eeker,6,60,8,18,42
10,@Anotherjuan0,http://www.youtube.com/@Anotherjuan0,6,60,6,24,42
11,@balinthejner465,http://www.youtube.com/@balinthejner465,6,59,8,17,41
12,@agustinriestra9594,http://www.youtube.com/@agustinriestra9594,5,49,8,16,40
13,@jackdenham927,http://www.youtube.com/@jackdenham927,5,49,8,15,39
14,@elias6126,http://www.youtube.com/@elias6126,6,59,7,18,39
15,@nickaxford7925,http://www.youtube.com/@nickaxford7925,6,60,7,18,39
16,@jonathanbnice6816,http://www.youtube.com/@jonathanbnice6816,6,60,6,20,38
17,@ConnorPenfold,http://www.youtube.com/@ConnorPenfold,6,60,7,16,37
18,@hawaadeyeye9930,http://www.youtube.com/@hawaadeyeye9930,6,60,6,19,37
19,@channelname9468,http://www.youtube.com/@channelname9468,6,58,5,22,37
20,@dylanparker130,http://www.youtube.com/@dylanparker130,6,60,5,22,37
21,@Rambo11500,http://www.youtube.com/@Rambo11500,6,58,5,22,37
22,@VeinyLad,http://www.youtube.com/@VeinyLad,6,60,4,25,37
23,@aryanomsharma07,http://www.youtube.com/@aryanomsharma07,5,50,8,12,36
24,@dwumasarpong5996,http://www.youtube.com/@dwumasarpong5996,6,57,7,15,36
25,@haziqnickel6259,http://www.youtube.com/@haziqnickel6259,5,48,7,15,36
26,@ChrisS-051,http://www.youtube.com/@ChrisS-051,6,55,6,18,36
27,@spongeguybridankia8735,http://www.youtube.com/@spongeguybridankia8735,6,59,6,18,36
28,@richardparker9556,http://www.youtube.com/@richardparker9556,6,60,6,18,36
29,@leejohnmwadime3205,http://www.youtube.com/@leejohnmwadime3205,6,59,5,21,36
30,@anmaroud9813,http://www.youtube.com/@anmaroud9813,6,59,4,24,36
31,@jjbingham123,http://www.youtube.com/@jjbingham123,6,58,7,14,35
32,@UltraMLPMMMunetes,http://www.youtube.com/@UltraMLPMMMunetes,5,50,7,14,35
33,@Drewaldrich1996,http://www.youtube.com/@Drewaldrich1996,6,60,7,14,35
34,@Pando1773,http://www.youtube.com/@Pando1773,6,60,6,17,35
35,@cologga,http://www.youtube.com/@cologga,6,60,5,20,35
36,@mikhailurmich,http://www.youtube.com/@mikhailurmich,6,52,7,13,34
37,@Kam08-r5u,http://www.youtube.com/@Kam08-r5u,6,59,7,13,34
38,@psykosis_the_amatuer_animator,http://www.youtube.com/@psykosis_the_amatuer_animator,5,50,6,16,34
39,@rpe10538,http://www.youtube.com/@rpe10538,5,50,6,16,34
40,@JuniorG107,http://www.youtube.com/@JuniorG107,5,50,6,16,34
41,@nickpro2899,http://www.youtube.com/@nickpro2899,6,58,5,19,34
42,@RyanH2005,http://www.youtube.com/@RyanH2005,6,60,5,19,34
43,@leomccarron9133,http://www.youtube.com/@leomccarron9133,6,58,3,25,34
44,@andyw8025,http://www.youtube.com/@andyw8025,5,47,7,12,33
45,@Nicknwjj,http://www.youtube.com/@Nicknwjj,5,49,7,12,33
46,@ThatOneLutonFan,http://www.youtube.com/@ThatOneLutonFan,6,58,6,15,33
47,@thubelihlembonane2674,http://www.youtube.com/@thubelihlembonane2674,6,59,5,18,33
48,@kamaujohn6303,http://www.youtube.com/@kamaujohn6303,5,50,5,18,33
49,@Speedinkling,http://www.youtube.com/@Speedinkling,6,57,4,21,33
50,@cameronweston4872,http://www.youtube.com/@cameronweston4872,6,59,4,21,33
51,@Everything-LiverpoolFC,http://www.youtube.com/@Everything-LiverpoolFC,6,58,4,21,33
52,@godofthegreatkurultaj4302,http://www.youtube.com/@godofthegreatkurultaj4302,5,49,7,11,32
53,@dominictyler1766,http://www.youtube.com/@dominictyler1766,4,40,7,11,32
54,@Buschmumie,http://www.youtube.com/@Buschmumie,4,39,7,11,32
55,@haamid4,http://www.youtube.com/@haamid4,5,50,6,14,32
56,@janvragolovic8565,http://www.youtube.com/@janvragolovic8565,5,49,6,14,32
57,@Dfitzykiid,http://www.youtube.com/@Dfitzykiid,5,50,6,14,32
58,@Lilleh__,http://www.youtube.com/@Lilleh__,6,60,5,17,32
59,@briantran6145,http://www.youtube.com/@briantran6145,6,60,5,17,32
60,@MZAce,http://www.youtube.com/@MZAce,5,49,5,17,32
61,@BenjaminLass,http://www.youtube.com/@BenjaminLass,6,58,4,20,32
62,@pinkgoose989,http://www.youtube.com/@pinkgoose989,6,60,4,20,32
63,@willrelf92,http://www.youtube.com/@willrelf92,6,60,4,20,32
64,@P-Rex2844,http://www.youtube.com/@P-Rex2844,6,60,3,23,32
65,@choj619,http://www.youtube.com/@choj619,5,48,6,13,31
66,@SnappedFootball,http://www.youtube.com/@SnappedFootball,4,40,6,13,31
67,@michaeldonnelly13,http://www.youtube.com/@michaeldonnelly13,6,58,5,16,31
68,@ahmadmobin6217,http://www.youtube.com/@ahmadmobin6217,5,50,5,16,31
69,@faisalaldahlawi6560,http://www.youtube.com/@faisalaldahlawi6560,6,58,5,16,31
70,@Prod.Dizzy0nz,http://www.youtube.com/@Prod.Dizzy0nz,5,50,5,16,31
71,@willharvison3898,http://www.youtube.com/@willharvison3898,5,50,5,16,31
72,@ElecTrick11037,http://www.youtube.com/@ElecTrick11037,6,60,4,19,31
73,@Lamppost447,http://www.youtube.com/@Lamppost447,6,59,4,19,31
74,@ghjn5640,http://www.youtube.com/@ghjn5640,6,60,4,19,31
75,@TheFinalHoss,http://www.youtube.com/@TheFinalHoss,6,60,3,22,31
76,@MbokaziFan,http://www.youtube.com/@MbokaziFan,4,40,7,9,30
77,@KABulletsFootballingChannel,http://www.youtube.com/@KABulletsFootballingChannel,6,54,6,12,30
78,@lucio534,http://www.youtube.com/@lucio534,5,49,6,12,30
79,@williamkirksey1669,http://www.youtube.com/@williamkirksey1669,5,48,6,12,30
80,@Innndo,http://www.youtube.com/@Innndo,5,50,6,12,30
81,@landon_emc13,http://www.youtube.com/@landon_emc13,6,60,5,15,30
82,@ashermoore594,http://www.youtube.com/@ashermoore594,5,50,5,15,30
83,@ammar56604,http://www.youtube.com/@ammar56604,5,50,5,15,30
84,@EuanHaldane,http://www.youtube.com/@EuanHaldane,6,59,5,15,30
85,@aakashagarwal6184,http://www.youtube.com/@aakashagarwal6184,5,46,5,15,30
86,@achusworld102,http://www.youtube.com/@achusworld102,5,50,5,15,30
87,@rgas28,http://www.youtube.com/@rgas28,5,50,5,15,30
88,@XIX_Aryan7,http://www.youtube.com/@XIX_Aryan7,5,50,5,15,30
89,@lewis_.s7,http://www.youtube.com/@lewis_.s7,5,47,4,18,30
90,@SportsCardsCenter,http://www.youtube.com/@SportsCardsCenter,6,60,4,18,30
91,@_chabrlja,http://www.youtube.com/@_chabrlja,5,50,4,18,30
92,@zavock,http://www.youtube.com/@zavock,6,57,4,18,30
93,@dandoyle834,http://www.youtube.com/@dandoyle834,6,58,4,18,30
94,@zhelyazkopetkov8211,http://www.youtube.com/@zhelyazkopetkov8211,4,38,4,18,30
95,@kevinnaves2277,http://www.youtube.com/@kevinnaves2277,6,59,3,21,30
96,@Eminem-F1,http://www.youtube.com/@Eminem-F1,6,60,2,24,30
97,@pawaratharva6371,http://www.youtube.com/@pawaratharva6371,4,40,7,8,29
98,@thvo5835,http://www.youtube.com/@thvo5835,4,40,6,11,29
99,@xpertassassin8178,http://www.youtube.com/@xpertassassin8178,5,50,6,11,29
100,@adcid93,http://www.youtube.com/@adcid93,4,40,6,11,29
101,@mikethegoatisgoat,http://www.youtube.com/@mikethegoatisgoat,5,46,5,14,29
102,@idkkkkkkkk_,http://www.youtube.com/@idkkkkkkkk_,5,49,5,14,29
103,@rohailmahmood3847,http://www.youtube.com/@rohailmahmood3847,6,58,5,14,29
104,@u_s_man9610,http://www.youtube.com/@u_s_man9610,5,48,5,14,29
105,@Knight4869-l9y,http://www.youtube.com/@Knight4869-l9y,4,39,5,14,29
106,@th3ropy406,http://www.youtube.com/@th3ropy406,4,40,5,14,29
107,@razza119,http://www.youtube.com/@razza119,6,60,4,17,29
108,@Pokevlogster,http://www.youtube.com/@Pokevlogster,6,58,4,17,29
109,@_simon.k_,http://www.youtube.com/@_simon.k_,5,48,4,17,29
110,@Nastaranjafarharasi,http://www.youtube.com/@Nastaranjafarharasi,5,50,4,17,29
111,@TheDutchStarWarsGuy,http://www.youtube.com/@TheDutchStarWarsGuy,5,50,4,17,29
112,@ZelZal98,http://www.youtube.com/@ZelZal98,6,59,3,20,29
113,@EmenussGOamazing,http://www.youtube.com/@EmenussGOamazing,6,59,3,20,29
114,@cianmatthews3723,http://www.youtube.com/@cianmatthews3723,6,60,3,20,29
115,@antoninomassimovadala7431,http://www.youtube.com/@antoninomassimovadala7431,6,58,2,23,29
116,@IAmRonny,http://www.youtube.com/@IAmRonny,5,50,6,10,28
117,@petersands2677,http://www.youtube.com/@petersands2677,4,40,6,10,28
118,@aaronbard4403,http://www.youtube.com/@aaronbard4403,5,48,5,13,28
119,@SilverCapybara94,http://www.youtube.com/@SilverCapybara94,5,47,4,16,28
120,@WashierPrism477,http://www.youtube.com/@WashierPrism477,6,60,4,16,28
121,@Stonix737,http://www.youtube.com/@Stonix737,5,47,4,16,28
122,@TheFrankfurtTorpedo,http://www.youtube.com/@TheFrankfurtTorpedo,6,57,3,19,28
123,@PepechuxD,http://www.youtube.com/@PepechuxD,5,47,3,19,28
124,@WojciechGibas,http://www.youtube.com/@WojciechGibas,6,59,3,19,28
125,@limkc8178,http://www.youtube.com/@limkc8178,5,50,3,19,28
126,@ryandarbyshire5046,http://www.youtube.com/@ryandarbyshire5046,6,57,2,22,28
127,@ratonul260,http://www.youtube.com/@ratonul260,4,34,6,9,27
128,@Zeroisking0,http://www.youtube.com/@Zeroisking0,4,40,6,9,27
129,@francisconobre19,http://www.youtube.com/@francisconobre19,4,40,5,12,27
130,@HamzaSahi-v7z2n,http://www.youtube.com/@HamzaSahi-v7z2n,5,49,5,12,27
131,@jfigueroaist,http://www.youtube.com/@jfigueroaist,4,39,5,12,27
132,@kittyzoomby,http://www.youtube.com/@kittyzoomby,5,49,4,15,27
133,@michaelparkinsonsfreeparkerpen,http://www.youtube.com/@michaelparkinsonsfreeparkerpen,6,60,4,15,27
134,@cuthbertmcvane9159,http://www.youtube.com/@cuthbertmcvane9159,6,58,4,15,27
135,@neilmandimika6142,http://www.youtube.com/@neilmandimika6142,5,49,4,15,27
136,@NZ_COYS_SPURS,http://www.youtube.com/@NZ_COYS_SPURS,6,52,4,15,27
137,@brynjar843,http://www.youtube.com/@brynjar843,5,48,4,15,27
138,@danenull254,http://www.youtube.com/@danenull254,5,49,4,15,27
139,@DummyMama-tv4hg,http://www.youtube.com/@DummyMama-tv4hg,4,39,4,15,27
140,@marcusulevik,http://www.youtube.com/@marcusulevik,5,50,3,18,27
141,@Myšutr_cz,http://www.youtube.com/@My%C5%A1utr_cz,6,57,3,18,27
142,@whtwhtc,http://www.youtube.com/@whtwhtc,6,60,3,18,27
143,@georgewells4136,http://www.youtube.com/@georgewells4136,4,39,5,11,26
144,@afcb_humph26,http://www.youtube.com/@afcb_humph26,4,40,5,11,26
145,@proachievementhunter8201,http://www.youtube.com/@proachievementhunter8201,4,39,5,11,26
146,@kdot9584,http://www.youtube.com/@kdot9584,5,50,4,14,26
147,@Porto5452,http://www.youtube.com/@Porto5452,5,50,4,14,26
148,@jiken220,http://www.youtube.com/@jiken220,4,40,4,14,26
149,@ДушанРаковић,http://www.youtube.com/@%D0%94%D1%83%D1%88%D0%B0%D0%BD%D0%A0%D0%B0%D0%BA%D0%BE%D0%B2%D0%B8%D1%9B,6,50,3,17,26
150,@ghostdavid4838,http://www.youtube.com/@ghostdavid4838,5,50,3,17,26
151,@kaushaltank3305,http://www.youtube.com/@kaushaltank3305,6,58,3,17,26
152,@blero473,http://www.youtube.com/@blero473,5,49,3,17,26
153,@theofoster5008,http://www.youtube.com/@theofoster5008,5,50,3,17,26
154,@keelanduffy6024,http://www.youtube.com/@keelanduffy6024,6,59,2,20,26
155,@Number-wq3fq,http://www.youtube.com/@Number-wq3fq,6,60,2,20,26
156,@jacobdean6989,http://www.youtube.com/@jacobdean6989,6,60,1,23,26
157,@yulanluo9980,http://www.youtube.com/@yulanluo9980,4,38,6,7,25
158,@lukecummins4403,http://www.youtube.com/@lukecummins4403,4,39,5,10,25
159,@lilpeth67,http://www.youtube.com/@lilpeth67,5,44,4,13,25
160,@nyendwakabayi3323,http://www.youtube.com/@nyendwakabayi3323,5,50,4,13,25
161,@ricardoblayer9537,http://www.youtube.com/@ricardoblayer9537,4,35,4,13,25
162,@aposapocalypse7117,http://www.youtube.com/@aposapocalypse7117,5,50,4,13,25
163,@Aussie_Benfica,http://www.youtube.com/@Aussie_Benfica,4,33,4,13,25
164,@lobstageorge,http://www.youtube.com/@lobstageorge,4,39,4,13,25
165,@xygut,http://www.youtube.com/@xygut,4,40,4,13,25
166,@TheKing0fToot,http://www.youtube.com/@TheKing0fToot,6,59,3,16,25
167,@Prinshu1996,http://www.youtube.com/@Prinshu1996,5,50,3,16,25
168,@Vlad-ob2up,http://www.youtube.com/@Vlad-ob2up,6,60,3,16,25
169,@TacticalTempo,http://www.youtube.com/@TacticalTempo,5,50,2,19,25
170,@Heelbaas,http://www.youtube.com/@Heelbaas,6,58,2,19,25
171,@Madcam647,http://www.youtube.com/@Madcam647,6,60,2,19,25
172,@FootyFever-m3s,http://www.youtube.com/@FootyFever-m3s,6,56,1,22,25
173,@owainflemig972,http://www.youtube.com/@owainflemig972,4,39,4,12,24
174,@Jake_T05,http://www.youtube.com/@Jake_T05,4,39,4,12,24
175,@ramii0_0,http://www.youtube.com/@ramii0_0,4,40,4,12,24
176,@12tentacao,http://www.youtube.com/@12tentacao,4,40,4,12,24
177,@lucozadelover8186,http://www.youtube.com/@lucozadelover8186,6,58,3,15,24
178,@arthurhanley1536,http://www.youtube.com/@arthurhanley1536,5,47,3,15,24
179,@seansavage7414,http://www.youtube.com/@seansavage7414,5,50,3,15,24
180,@MrYeet-kv3wj,http://www.youtube.com/@MrYeet-kv3wj,6,60,3,15,24
181,@sjdbdkoswq,http://www.youtube.com/@sjdbdkoswq,6,59,3,15,24
182,@Cooper_the_pug,http://www.youtube.com/@Cooper_the_pug,5,47,3,15,24
183,@A_k_a_r_i_i,http://www.youtube.com/@A_k_a_r_i_i,4,40,3,15,24
184,@antonio5219,http://www.youtube.com/@antonio5219,6,59,2,18,24
185,@ГеоргиДимитров-н6л,http://www.youtube.com/@%D0%93%D0%B5%D0%BE%D1%80%D0%B3%D0%B8%D0%94%D0%B8%D0%BC%D0%B8%D1%82%D1%80%D0%BE%D0%B2-%D0%BD6%D0%BB,5,49,2,18,24
186,@xRedman9999x,http://www.youtube.com/@xRedman9999x,6,60,2,18,24
187,@theastonvillaseal585,http://www.youtube.com/@theastonvillaseal585,5,49,2,18,24
188,@DJK0704,http://www.youtube.com/@DJK0704,5,49,2,18,24
189,@ibrahimkolawole5568,http://www.youtube.com/@ibrahimkolawole5568,4,40,1,21,24
190,@dudeacus1,http://www.youtube.com/@dudeacus1,2,20,6,5,23
191,@BraydenCoombe,http://www.youtube.com/@BraydenCoombe,4,40,5,8,23
192,@aakarshnarula6811,http://www.youtube.com/@aakarshnarula6811,3,30,5,8,23
193,@goals4fun,http://www.youtube.com/@goals4fun,4,38,4,11,23
194,@LavinA1459,http://www.youtube.com/@LavinA1459,4,40,4,11,23
195,@silversalamence10,http://www.youtube.com/@silversalamence10,5,49,4,11,23
196,@GeeklyVideos,http://www.youtube.com/@GeeklyVideos,4,40,4,11,23
197,@mukimurco1426,http://www.youtube.com/@mukimurco1426,6,60,3,14,23
198,@coveisyes,http://www.youtube.com/@coveisyes,4,40,3,14,23
199,@Ferrufino5l,http://www.youtube.com/@Ferrufino5l,5,45,3,14,23
200,@pratyushchandra3354,http://www.youtube.com/@pratyushchandra3354,5,50,3,14,23
201,@Kaltyre,http://www.youtube.com/@Kaltyre,4,40,3,14,23
202,@abhedyaagarwal5054,http://www.youtube.com/@abhedyaagarwal5054,4,40,3,14,23
203,@AriaWand-u9f,http://www.youtube.com/@AriaWand-u9f,6,57,2,17,23
204,@ytGetz,http://www.youtube.com/@ytGetz,5,49,2,17,23
205,@TuckerTalked,http://www.youtube.com/@TuckerTalked,6,60,1,20,23
206,@kevinmensah9950,http://www.youtube.com/@kevinmensah9950,4,39,5,7,22
207,@VibeDrift-k7t,http://www.youtube.com/@VibeDrift-k7t,3,30,5,7,22
208,@KillKvara,http://www.youtube.com/@KillKvara,3,30,5,7,22
209,@AJD45,http://www.youtube.com/@AJD45,4,40,5,7,22
210,@raymondwameyo5548,http://www.youtube.com/@raymondwameyo5548,4,40,4,10,22
211,@oscarsanchez4521,http://www.youtube.com/@oscarsanchez4521,4,40,4,10,22
212,@lewismacdonald7776,http://www.youtube.com/@lewismacdonald7776,5,48,4,10,22
213,@danielmcallahan,http://www.youtube.com/@danielmcallahan,4,38,4,10,22
214,@CharlesColeman-k2f,http://www.youtube.com/@CharlesColeman-k2f,4,40,4,10,22
215,@porfilopez5257,http://www.youtube.com/@porfilopez5257,4,39,3,13,22
216,@Mak_Vintage,http://www.youtube.com/@Mak_Vintage,4,40,3,13,22
217,@dr4wd348,http://www.youtube.com/@dr4wd348,4,40,3,13,22
218,@aakivaan2238,http://www.youtube.com/@aakivaan2238,4,40,3,13,22
219,@Lord_of_the_Pudding,http://www.youtube.com/@Lord_of_the_Pudding,5,48,2,16,22
220,@mywonderfulworldofvideos,http://www.youtube.com/@mywonderfulworldofvideos,4,39,2,16,22
221,@kstktoochill,http://www.youtube.com/@kstktoochill,5,50,2,16,22
222,@angelanariba2290,http://www.youtube.com/@angelanariba2290,5,50,1,19,22
223,@brandonmarlo69,http://www.youtube.com/@brandonmarlo69,6,57,1,19,22
224,@aravind3320,http://www.youtube.com/@aravind3320,3,30,5,6,21
225,@ollieoleary,http://www.youtube.com/@ollieoleary,4,39,4,9,21
226,@vandy5113,http://www.youtube.com/@vandy5113,4,38,4,9,21
227,@chelsea4life307,http://www.youtube.com/@chelsea4life307,4,40,4,9,21
228,@codie4925,http://www.youtube.com/@codie4925,3,29,4,9,21
229,@olekklein27,http://www.youtube.com/@olekklein27,6,58,3,12,21
230,@thedesert546,http://www.youtube.com/@thedesert546,4,40,3,12,21
231,@Zigzaggery-m8d,http://www.youtube.com/@Zigzaggery-m8d,4,39,3,12,21
232,@thehamyton4700,http://www.youtube.com/@thehamyton4700,4,40,3,12,21
233,@nguyencole6334,http://www.youtube.com/@nguyencole6334,5,46,3,12,21
234,@reecetheblack8901,http://www.youtube.com/@reecetheblack8901,4,40,3,12,21
235,@Bamsi-tl4nk,http://www.youtube.com/@Bamsi-tl4nk,3,30,3,12,21
236,@IggyVossen,http://www.youtube.com/@IggyVossen,4,39,3,12,21
237,@al-aminoladiipo1044,http://www.youtube.com/@al-aminoladiipo1044,3,30,3,12,21
238,@SidHappensT.T,http://www.youtube.com/@SidHappensT.T,5,49,2,15,21
239,@reverseflashplays8615,http://www.youtube.com/@reverseflashplays8615,5,47,2,15,21
240,@ScotchNCigar,http://www.youtube.com/@ScotchNCigar,4,40,2,15,21
241,@TheDougOutFootballChannel,http://www.youtube.com/@TheDougOutFootballChannel,5,49,1,18,21
242,@Wondersoc,http://www.youtube.com/@Wondersoc,3,30,5,5,20
243,@Manof0talents,http://www.youtube.com/@Manof0talents,3,28,4,8,20
244,@xaviersanchez314,http://www.youtube.com/@xaviersanchez314,4,39,4,8,20
245,@Monke-k4l,http://www.youtube.com/@Monke-k4l,3,29,4,8,20
246,@WMSFAN205,http://www.youtube.com/@WMSFAN205,4,40,4,8,20
247,@anthonyvaladez2941,http://www.youtube.com/@anthonyvaladez2941,3,30,4,8,20
248,@zods-os2eb,http://www.youtube.com/@zods-os2eb,3,30,4,8,20
249,@pranavitapu9912,http://www.youtube.com/@pranavitapu9912,3,29,4,8,20
250,@eholden_06,http://www.youtube.com/@eholden_06,3,30,4,8,20
251,@sudarshannsatyanarayanan,http://www.youtube.com/@sudarshannsatyanarayanan,3,29,4,8,20
252,@captainvanisher988,http://www.youtube.com/@captainvanisher988,3,30,4,8,20
253,@FrontrunnerMotorsport,http://www.youtube.com/@FrontrunnerMotorsport,3,30,4,8,20
254,@mattf9627,http://www.youtube.com/@mattf9627,3,29,3,11,20
255,@EthanDolan6,http://www.youtube.com/@EthanDolan6,4,37,3,11,20
256,@Dr.CHANCHO,http://www.youtube.com/@Dr.CHANCHO,4,39,3,11,20
257,@youngburrit0502,http://www.youtube.com/@youngburrit0502,4,38,3,11,20
258,@dkstinson3011,http://www.youtube.com/@dkstinson3011,4,34,3,11,20
259,@21riki97,http://www.youtube.com/@21riki97,4,40,3,11,20
260,@AwesomeYears,http://www.youtube.com/@AwesomeYears,5,46,2,14,20
261,@noraniesoh,http://www.youtube.com/@noraniesoh,6,54,2,14,20
262,@aidan_105,http://www.youtube.com/@aidan_105,5,50,2,14,20
263,@yaboietan_6430,http://www.youtube.com/@yaboietan_6430,4,39,2,14,20
264,@edi0157,http://www.youtube.com/@edi0157,6,50,1,17,20
265,@jordane007-z5m,http://www.youtube.com/@jordane007-z5m,3,28,4,7,19
266,@Maritimer22,http://www.youtube.com/@Maritimer22,4,40,4,7,19
267,@rahulbenjaminsarkar8999,http://www.youtube.com/@rahulbenjaminsarkar8999,3,30,4,7,19
268,@BodgeItandLegItStudios,http://www.youtube.com/@BodgeItandLegItStudios,3,29,4,7,19
269,@HiMyNameIsPip,http://www.youtube.com/@HiMyNameIsPip,3,30,4,7,19
270,@mrgreenmario64,http://www.youtube.com/@mrgreenmario64,4,40,3,10,19
271,@HectorGarcia-wr9sc,http://www.youtube.com/@HectorGarcia-wr9sc,4,36,3,10,19
272,@reece999999999,http://www.youtube.com/@reece999999999,3,30,3,10,19
273,@CosminsssAlex,http://www.youtube.com/@CosminsssAlex,4,40,3,10,19
274,@gainzwithglenn,http://www.youtube.com/@gainzwithglenn,4,40,3,10,19
275,@ymAtaraxia,http://www.youtube.com/@ymAtaraxia,4,40,3,10,19
276,@Ice-_-Bear-_-9,http://www.youtube.com/@Ice-_-Bear-_-9,3,30,3,10,19
277,@hamzaelkholy3289,http://www.youtube.com/@hamzaelkholy3289,3,29,3,10,19
278,@anmolagarwal08,http://www.youtube.com/@anmolagarwal08,5,49,2,13,19
279,@Kingcuba137,http://www.youtube.com/@Kingcuba137,3,25,2,13,19
280,@seweymessi,http://www.youtube.com/@seweymessi,4,39,2,13,19
281,@amanbelani3518,http://www.youtube.com/@amanbelani3518,6,58,1,16,19
282,@LibanAbdi-n5l,http://www.youtube.com/@LibanAbdi-n5l,5,49,1,16,19
283,@Drabori,http://www.youtube.com/@Drabori,4,40,1,16,19
284,@wolfisin,http://www.youtube.com/@wolfisin,5,50,1,16,19
285,@eliashaugenberg5879,http://www.youtube.com/@eliashaugenberg5879,5,50,1,16,19
286,@ajdinheric2116,http://www.youtube.com/@ajdinheric2116,5,50,1,16,19
287,@Filip_games_real,http://www.youtube.com/@Filip_games_real,4,40,0,19,19
288,@raheemweir9931,http://www.youtube.com/@raheemweir9931,3,30,4,6,18
289,@EddieMajola-j9g,http://www.youtube.com/@EddieMajola-j9g,4,38,3,9,18
290,@julienserbanescu1484,http://www.youtube.com/@julienserbanescu1484,4,38,3,9,18
291,@Pronce_5237,http://www.youtube.com/@Pronce_5237,3,29,3,9,18
292,@robstar20011,http://www.youtube.com/@robstar20011,3,30,3,9,18
293,@ianbazuin2714,http://www.youtube.com/@ianbazuin2714,4,32,3,9,18
294,@michaelscott107,http://www.youtube.com/@michaelscott107,3,30,3,9,18
295,@Pedro-st3pg,http://www.youtube.com/@Pedro-st3pg,3,30,3,9,18
296,@halea7124,http://www.youtube.com/@halea7124,3,29,3,9,18
297,@william1181_,http://www.youtube.com/@william1181_,4,37,2,12,18
298,@danielrogers3070,http://www.youtube.com/@danielrogers3070,4,38,2,12,18
299,@georgeglen7204,http://www.youtube.com/@georgeglen7204,4,38,2,12,18
300,@muhdpeep,http://www.youtube.com/@muhdpeep,3,30,2,12,18
301,@Gullpatron,http://www.youtube.com/@Gullpatron,4,39,2,12,18
302,@28thJanuary2o17,http://www.youtube.com/@28thJanuary2o17,5,50,2,12,18
303,@kevinwalters3767,http://www.youtube.com/@kevinwalters3767,4,38,2,12,18
304,@lorenzomartinez8543,http://www.youtube.com/@lorenzomartinez8543,3,30,2,12,18
305,@Superpikmin64,http://www.youtube.com/@Superpikmin64,3,30,2,12,18
306,@lorenzomosca5655,http://www.youtube.com/@lorenzomosca5655,4,38,2,12,18
307,@QuietFox82,http://www.youtube.com/@QuietFox82,3,29,2,12,18
308,@Mr_Desk,http://www.youtube.com/@Mr_Desk,3,30,2,12,18
309,@eamonlyons8069,http://www.youtube.com/@eamonlyons8069,5,48,1,15,18
310,@6038am,http://www.youtube.com/@6038am,5,50,1,15,18
311,@I.V.A.Nmusic,http://www.youtube.com/@I.V.A.Nmusic,4,40,1,15,18
312,@lennyleslie2012,http://www.youtube.com/@lennyleslie2012,4,39,1,15,18
313,@TGold7,http://www.youtube.com/@TGold7,5,50,0,18,18
314,@stanyeslaw,http://www.youtube.com/@stanyeslaw,4,40,0,18,18
315,@KrazyKenyan,http://www.youtube.com/@KrazyKenyan,3,30,4,5,17
316,@Fl0w_7625,http://www.youtube.com/@Fl0w_7625,4,38,3,8,17
317,@LurDurr,http://www.youtube.com/@LurDurr,3,30,3,8,17
318,@evelynmungau9319,http://www.youtube.com/@evelynmungau9319,3,30,3,8,17
319,@clinton14_06,http://www.youtube.com/@clinton14_06,3,30,3,8,17
320,@IRS17,http://www.youtube.com/@IRS17,3,30,3,8,17
321,@pedroconceicao6700,http://www.youtube.com/@pedroconceicao6700,3,30,3,8,17
322,@Acrr01,http://www.youtube.com/@Acrr01,4,40,2,11,17
323,@RavynFFH,http://www.youtube.com/@RavynFFH,5,49,2,11,17
324,@stephensixsmith,http://www.youtube.com/@stephensixsmith,5,50,2,11,17
325,@GragothGames,http://www.youtube.com/@GragothGames,4,40,2,11,17
326,@krimson2077,http://www.youtube.com/@krimson2077,4,38,2,11,17
327,@ShaunHopkinsAVFC,http://www.youtube.com/@ShaunHopkinsAVFC,4,40,2,11,17
328,@abarkadabra,http://www.youtube.com/@abarkadabra,4,39,1,14,17
329,@wwerr16,http://www.youtube.com/@wwerr16,6,48,1,14,17
330,@daynerichards5292,http://www.youtube.com/@daynerichards5292,4,39,1,14,17
331,@Omar_18AFC,http://www.youtube.com/@Omar_18AFC,4,38,1,14,17
332,@doog-2,http://www.youtube.com/@doog-2,4,34,1,14,17
333,@AyushSharma-qy2si,http://www.youtube.com/@AyushSharma-qy2si,4,39,1,14,17
334,@billystack2031,http://www.youtube.com/@billystack2031,1,10,4,4,16
335,@Therealkobbiemainoo,http://www.youtube.com/@Therealkobbiemainoo,3,29,4,4,16
336,@CyrilMcWell,http://www.youtube.com/@CyrilMcWell,2,20,4,4,16
337,@rishabh2310,http://www.youtube.com/@rishabh2310,2,20,3,7,16
338,@Journey22405,http://www.youtube.com/@Journey22405,3,30,3,7,16
339,@dylanhyslop10,http://www.youtube.com/@dylanhyslop10,3,29,2,10,16
340,@xyytffhhhggddfgbv,http://www.youtube.com/@xyytffhhhggddfgbv,3,29,2,10,16
341,@itschris2628,http://www.youtube.com/@itschris2628,3,30,2,10,16
342,@Cam-1702,http://www.youtube.com/@Cam-1702,3,28,2,10,16
343,@JRFack25,http://www.youtube.com/@JRFack25,3,30,2,10,16
344,@patkovicosman6956,http://www.youtube.com/@patkovicosman6956,4,40,1,13,16
345,@samuelife1,http://www.youtube.com/@samuelife1,3,30,1,13,16
346,@natgames2207,http://www.youtube.com/@natgames2207,5,47,1,13,16
347,@aayankapoor1425,http://www.youtube.com/@aayankapoor1425,4,40,1,13,16
348,@jimmyhurt,http://www.youtube.com/@jimmyhurt,4,40,1,13,16
349,@leozon100,http://www.youtube.com/@leozon100,4,40,1,13,16
350,@Mr_Scrisu,http://www.youtube.com/@Mr_Scrisu,3,30,1,13,16
351,@Ba4ki,http://www.youtube.com/@Ba4ki,2,20,3,6,15
352,@charlietin5262,http://www.youtube.com/@charlietin5262,3,30,3,6,15
353,@stevecorcoran1674,http://www.youtube.com/@stevecorcoran1674,3,27,3,6,15
354,@salvadormartinez1224,http://www.youtube.com/@salvadormartinez1224,2,20,3,6,15
355,@isaiahcys16,http://www.youtube.com/@isaiahcys16,3,29,3,6,15
356,@LordEdmund1973,http://www.youtube.com/@LordEdmund1973,3,28,2,9,15
357,@rogersmith9535,http://www.youtube.com/@rogersmith9535,3,29,2,9,15
358,@EggCouncilCreeper,http://www.youtube.com/@EggCouncilCreeper,4,39,2,9,15
359,@justinbrown-zr9zf,http://www.youtube.com/@justinbrown-zr9zf,4,38,2,9,15
360,@dolphin088,http://www.youtube.com/@dolphin088,3,29,2,9,15
361,@HridaySen.,http://www.youtube.com/@HridaySen.,4,39,2,9,15
362,@natsuo6056,http://www.youtube.com/@natsuo6056,4,40,2,9,15
363,@Reaper5514,http://www.youtube.com/@Reaper5514,3,29,2,9,15
364,@ethanedwards1037,http://www.youtube.com/@ethanedwards1037,3,30,2,9,15
365,@Jovani-j3k,http://www.youtube.com/@Jovani-j3k,4,38,2,9,15
366,@1884suleman,http://www.youtube.com/@1884suleman,3,30,2,9,15
367,@maximec4942,http://www.youtube.com/@maximec4942,3,30,2,9,15
368,@gonna-getcha-twice,http://www.youtube.com/@gonna-getcha-twice,3,30,2,9,15
369,@thandomthembu1216,http://www.youtube.com/@thandomthembu1216,2,19,2,9,15
370,@yourprogamer877,http://www.youtube.com/@yourprogamer877,3,30,2,9,15
371,@hamzahilami1458,http://www.youtube.com/@hamzahilami1458,3,30,2,9,15
372,@aaronparker111,http://www.youtube.com/@aaronparker111,3,30,2,9,15
373,@joseolvera1322,http://www.youtube.com/@joseolvera1322,4,34,1,12,15
374,@demetris8842,http://www.youtube.com/@demetris8842,4,38,1,12,15
375,@danielmag5883,http://www.youtube.com/@danielmag5883,3,30,1,12,15
376,@joet2505,http://www.youtube.com/@joet2505,3,30,1,12,15
377,@Fantasybig,http://www.youtube.com/@Fantasybig,4,35,1,12,15
378,@franktheflamingo5466,http://www.youtube.com/@franktheflamingo5466,3,30,1,12,15
379,@missleafeatheleafeon2593,http://www.youtube.com/@missleafeatheleafeon2593,6,50,0,15,15
380,@Scotty2303,http://www.youtube.com/@Scotty2303,2,20,3,5,14
381,@Theundertaker525,http://www.youtube.com/@Theundertaker525,2,20,3,5,14
382,@dracotempest4053,http://www.youtube.com/@dracotempest4053,2,19,3,5,14
383,@JustTheOneSwanActually,http://www.youtube.com/@JustTheOneSwanActually,2,20,3,5,14
384,@rfatih95,http://www.youtube.com/@rfatih95,2,20,3,5,14
385,@Dkhqj-195,http://www.youtube.com/@Dkhqj-195,3,30,2,8,14
386,@Rashford_enthusiast,http://www.youtube.com/@Rashford_enthusiast,2,19,2,8,14
387,@canicanicanican,http://www.youtube.com/@canicanicanican,3,28,2,8,14
388,@strikeyz,http://www.youtube.com/@strikeyz,4,39,2,8,14
389,@TawananyashaMufandaedza-c3k,http://www.youtube.com/@TawananyashaMufandaedza-c3k,3,29,2,8,14
390,@stativelion427,http://www.youtube.com/@stativelion427,3,30,2,8,14
391,@patmaige6642,http://www.youtube.com/@patmaige6642,2,19,2,8,14
392,@F21SP205UTMFKT,http://www.youtube.com/@F21SP205UTMFKT,3,30,2,8,14
393,@turtleking-t8u,http://www.youtube.com/@turtleking-t8u,4,39,1,11,14
394,@sean4904,http://www.youtube.com/@sean4904,3,30,1,11,14
395,@SomeGuyWhoSupportsManCity,http://www.youtube.com/@SomeGuyWhoSupportsManCity,3,29,1,11,14
396,@FeyselFaya-u3r,http://www.youtube.com/@FeyselFaya-u3r,3,29,1,11,14
397,@chisomonwusika5942,http://www.youtube.com/@chisomonwusika5942,2,20,3,4,13
398,@davidord2934,http://www.youtube.com/@davidord2934,4,40,3,4,13
399,@eldihyseni-e2v,http://www.youtube.com/@eldihyseni-e2v,2,17,3,4,13
400,@Krish_Krishna_Roxxx,http://www.youtube.com/@Krish_Krishna_Roxxx,2,20,3,4,13
401,@pdawg4645,http://www.youtube.com/@pdawg4645,2,19,3,4,13
402,@taylorblanmusic,http://www.youtube.com/@taylorblanmusic,2,18,2,7,13
403,@CharlieMay-n6c,http://www.youtube.com/@CharlieMay-n6c,2,20,2,7,13
404,@sxndo17,http://www.youtube.com/@sxndo17,2,19,2,7,13
405,@mehulpatel577,http://www.youtube.com/@mehulpatel577,2,20,2,7,13
406,@tododuralde,http://www.youtube.com/@tododuralde,2,20,2,7,13
407,@ragingcabbage2040,http://www.youtube.com/@ragingcabbage2040,2,20,2,7,13
408,@B6Ben,http://www.youtube.com/@B6Ben,2,20,2,7,13
409,@ljrsavage6612,http://www.youtube.com/@ljrsavage6612,4,38,2,7,13
410,@Haybalez,http://www.youtube.com/@Haybalez,2,20,2,7,13
411,@Wtf-b3k,http://www.youtube.com/@Wtf-b3k,2,20,2,7,13
412,@oliverlittle7704,http://www.youtube.com/@oliverlittle7704,3,23,2,7,13
413,@fironex,http://www.youtube.com/@fironex,3,30,2,7,13
414,@BritishNFFC,http://www.youtube.com/@BritishNFFC,2,20,2,7,13
415,@younglilpappy,http://www.youtube.com/@younglilpappy,5,46,1,10,13
416,@taonaah,http://www.youtube.com/@taonaah,3,28,1,10,13
417,@kalebseiffu6781,http://www.youtube.com/@kalebseiffu6781,3,29,1,10,13
418,@normandecleer4424,http://www.youtube.com/@normandecleer4424,3,30,1,10,13
419,@FPL-JOSH,http://www.youtube.com/@FPL-JOSH,3,29,1,10,13
420,@ZeezOfAfrica,http://www.youtube.com/@ZeezOfAfrica,3,30,1,10,13
421,@HJO-137,http://www.youtube.com/@HJO-137,3,29,1,10,13
422,@ConceptTheory-t3v,http://www.youtube.com/@ConceptTheory-t3v,2,20,1,10,13
423,@oliverHawkridge-ke3xx,http://www.youtube.com/@oliverHawkridge-ke3xx,3,30,1,10,13
424,@Shuvi279Error,http://www.youtube.com/@Shuvi279Error,3,30,1,10,13
425,@rupamaditya0,http://www.youtube.com/@rupamaditya0,3,30,1,10,13
426,@butterlord3317,http://www.youtube.com/@butterlord3317,3,29,1,10,13
427,@SquirrelSeb84,http://www.youtube.com/@SquirrelSeb84,3,29,0,13,13
428,@mohsinkhanwrites2985,http://www.youtube.com/@mohsinkhanwrites2985,2,19,2,6,12
429,@thefightsitememes,http://www.youtube.com/@thefightsitememes,2,20,2,6,12
430,@Naik_Jr,http://www.youtube.com/@Naik_Jr,2,19,2,6,12
431,@jamestaylormufc,http://www.youtube.com/@jamestaylormufc,3,28,2,6,12
432,@RumahAliff,http://www.youtube.com/@RumahAliff,4,38,2,6,12
433,@trin5118,http://www.youtube.com/@trin5118,2,20,2,6,12
434,@conquer3539,http://www.youtube.com/@conquer3539,2,20,2,6,12
435,@Maidrhap,http://www.youtube.com/@Maidrhap,2,20,2,6,12
436,@coopergreenwald8919,http://www.youtube.com/@coopergreenwald8919,2,20,2,6,12
437,@andresarnold6555,http://www.youtube.com/@andresarnold6555,3,26,2,6,12
438,@Waschbecken,http://www.youtube.com/@Waschbecken,2,19,2,6,12
439,@tarushbhatia3263,http://www.youtube.com/@tarushbhatia3263,3,30,2,6,12
440,@brunochip2380,http://www.youtube.com/@brunochip2380,2,20,2,6,12
441,@Ccfc02,http://www.youtube.com/@Ccfc02,2,20,2,6,12
442,@jhiyu,http://www.youtube.com/@jhiyu,2,20,2,6,12
443,@a.arnold1413,http://www.youtube.com/@a.arnold1413,3,27,1,9,12
444,@andrewlineham5670,http://www.youtube.com/@andrewlineham5670,4,30,1,9,12
445,@jacobrichards5620,http://www.youtube.com/@jacobrichards5620,3,28,1,9,12
446,@onikavelka,http://www.youtube.com/@onikavelka,4,40,1,9,12
447,@JoeSmith-ef2zh,http://www.youtube.com/@JoeSmith-ef2zh,3,29,1,9,12
448,@upperlolbruce3378,http://www.youtube.com/@upperlolbruce3378,3,29,1,9,12
449,@btr9160,http://www.youtube.com/@btr9160,2,16,1,9,12
450,@MattCheshire49,http://www.youtube.com/@MattCheshire49,2,19,1,9,12
451,@cameronsmith5233,http://www.youtube.com/@cameronsmith5233,2,20,1,9,12
452,@jairot4462,http://www.youtube.com/@jairot4462,3,30,1,9,12
453,@HiddenSquid172,http://www.youtube.com/@HiddenSquid172,3,30,1,9,12
454,@NatalieMeow1,http://www.youtube.com/@NatalieMeow1,3,30,0,12,12
455,@rdjerry2410,http://www.youtube.com/@rdjerry2410,3,30,0,12,12
456,@MrTristanguy,http://www.youtube.com/@MrTristanguy,1,10,3,2,11
457,@inzablia5520,http://www.youtube.com/@inzablia5520,2,20,3,2,11
458,@wackamichael,http://www.youtube.com/@wackamichael,1,10,3,2,11
459,@MylerKurray,http://www.youtube.com/@MylerKurray,2,15,2,5,11
460,@Seagull33333,http://www.youtube.com/@Seagull33333,2,18,2,5,11
461,@hma4975,http://www.youtube.com/@hma4975,1,10,2,5,11
462,@kieranquigg1370,http://www.youtube.com/@kieranquigg1370,1,9,2,5,11
463,@Santiago-ct2rv,http://www.youtube.com/@Santiago-ct2rv,2,18,2,5,11
464,@dougie776rt,http://www.youtube.com/@dougie776rt,1,10,2,5,11
465,@valenfn7339,http://www.youtube.com/@valenfn7339,1,10,2,5,11
466,@CuteBenji,http://www.youtube.com/@CuteBenji,2,20,2,5,11
467,@isaacmuthu4377,http://www.youtube.com/@isaacmuthu4377,2,20,2,5,11
468,@charlienotcharles4137,http://www.youtube.com/@charlienotcharles4137,3,29,2,5,11
469,@MarshsyYT,http://www.youtube.com/@MarshsyYT,2,19,2,5,11
470,@knightswonin26,http://www.youtube.com/@knightswonin26,2,19,2,5,11
471,@dressrosaRMFC,http://www.youtube.com/@dressrosaRMFC,2,19,1,8,11
472,@WolfyHai,http://www.youtube.com/@WolfyHai,2,20,1,8,11
473,@bengtgunnardereksson2090,http://www.youtube.com/@bengtgunnardereksson2090,4,40,1,8,11
474,@hemangpai1140,http://www.youtube.com/@hemangpai1140,3,30,1,8,11
475,@HangZhoulo,http://www.youtube.com/@HangZhoulo,3,30,1,8,11
476,@heathenwolf9847,http://www.youtube.com/@heathenwolf9847,2,17,1,8,11
477,@luzangokowa1111,http://www.youtube.com/@luzangokowa1111,4,39,1,8,11
478,@Kreigsmun,http://www.youtube.com/@Kreigsmun,3,30,1,8,11
479,@chiragkhatiwada6922,http://www.youtube.com/@chiragkhatiwada6922,2,20,1,8,11
480,@mancmarcos,http://www.youtube.com/@mancmarcos,2,20,1,8,11
481,@brian.n7998,http://www.youtube.com/@brian.n7998,3,30,1,8,11
482,@Zjqb,http://www.youtube.com/@Zjqb,3,30,1,8,11
483,@benwest3929,http://www.youtube.com/@benwest3929,3,30,1,8,11
484,@NathanielCarpenter-g2y,http://www.youtube.com/@NathanielCarpenter-g2y,3,30,0,11,11
485,@markg94,http://www.youtube.com/@markg94,3,30,0,11,11
486,@marcostenorio496,http://www.youtube.com/@marcostenorio496,3,30,0,11,11
487,@ElizabethPopplewell6234,http://www.youtube.com/@ElizabethPopplewell6234,3,30,0,11,11
488,@ryanrupakheti6866,http://www.youtube.com/@ryanrupakheti6866,1,10,3,1,10
489,@MohamedEssam-su6vx,http://www.youtube.com/@MohamedEssam-su6vx,1,8,3,1,10
490,@atharvapatel-r1o,http://www.youtube.com/@atharvapatel-r1o,1,10,3,1,10
491,@christianosmusicreviews7919,http://www.youtube.com/@christianosmusicreviews7919,2,20,2,4,10
492,@Morgamer2.0,http://www.youtube.com/@Morgamer2.0,1,10,2,4,10
493,@electro6767,http://www.youtube.com/@electro6767,3,29,2,4,10
494,@Kaiboi111,http://www.youtube.com/@Kaiboi111,2,20,2,4,10
495,@travismanning224,http://www.youtube.com/@travismanning224,1,10,2,4,10
496,@imperialsandwich3695,http://www.youtube.com/@imperialsandwich3695,2,20,2,4,10
497,@martinstenstrom793,http://www.youtube.com/@martinstenstrom793,1,10,2,4,10
498,@sagunsigdel5353,http://www.youtube.com/@sagunsigdel5353,2,20,2,4,10
499,@privateRo,http://www.youtube.com/@privateRo,2,20,2,4,10
500,@og0666,http://www.youtube.com/@og0666,2,20,2,4,10
501,@JE196,http://www.youtube.com/@JE196,2,20,2,4,10
502,@aleksandarivanov6540,http://www.youtube.com/@aleksandarivanov6540,2,18,1,7,10
503,@jeffbeck37,http://www.youtube.com/@jeffbeck37,2,20,1,7,10
504,@Numorfutinca,http://www.youtube.com/@Numorfutinca,3,28,1,7,10
505,@TheShaun8109,http://www.youtube.com/@TheShaun8109,2,20,1,7,10
506,@alfredopergreno9543,http://www.youtube.com/@alfredopergreno9543,4,40,1,7,10
507,@DomKnight-r4i,http://www.youtube.com/@DomKnight-r4i,2,20,1,7,10
508,@martinbrophy6898,http://www.youtube.com/@martinbrophy6898,2,20,1,7,10
509,@AbdulHannan-pw7vn,http://www.youtube.com/@AbdulHannan-pw7vn,3,30,1,7,10
510,@NoahAldis,http://www.youtube.com/@NoahAldis,2,20,1,7,10
511,@gunashekarankumaravel4700,http://www.youtube.com/@gunashekarankumaravel4700,3,30,1,7,10
512,@ThegrandtravelNerd,http://www.youtube.com/@ThegrandtravelNerd,2,20,1,7,10
513,@saulmartinez6706,http://www.youtube.com/@saulmartinez6706,2,20,1,7,10
514,@adoeseverything9834,http://www.youtube.com/@adoeseverything9834,2,20,1,7,10
515,@leobarnes4593,http://www.youtube.com/@leobarnes4593,2,20,1,7,10
516,@jakelong2893,http://www.youtube.com/@jakelong2893,2,20,1,7,10
517,@rathangjoshi956,http://www.youtube.com/@rathangjoshi956,4,39,0,10,10
518,@thegeordieview9215,http://www.youtube.com/@thegeordieview9215,3,30,0,10,10
519,@nonstoptown6461,http://www.youtube.com/@nonstoptown6461,3,30,0,10,10
520,@CountGraf2,http://www.youtube.com/@CountGraf2,1,10,2,3,9
521,@AddedTime-j7x,http://www.youtube.com/@AddedTime-j7x,1,10,2,3,9
522,@pineapplejuice7173,http://www.youtube.com/@pineapplejuice7173,1,9,2,3,9
523,@ExoticalOfficial,http://www.youtube.com/@ExoticalOfficial,2,19,2,3,9
524,@helioliskfan,http://www.youtube.com/@helioliskfan,1,10,2,3,9
525,@Tatenda10,http://www.youtube.com/@Tatenda10,1,8,2,3,9
526,@finge3786,http://www.youtube.com/@finge3786,1,10,2,3,9
527,@Pee-m4j,http://www.youtube.com/@Pee-m4j,1,9,2,3,9
528,@AkramDeX,http://www.youtube.com/@AkramDeX,1,9,2,3,9
529,@wings4525,http://www.youtube.com/@wings4525,1,10,2,3,9
530,@Tdpr123,http://www.youtube.com/@Tdpr123,1,10,2,3,9
531,@JayDow-s2e,http://www.youtube.com/@JayDow-s2e,1,10,2,3,9
532,@crazycraftkids,http://www.youtube.com/@crazycraftkids,1,10,2,3,9
533,@DaleongL,http://www.youtube.com/@DaleongL,2,20,1,6,9
534,@Swij248,http://www.youtube.com/@Swij248,2,20,1,6,9
535,@TrunkaMonk,http://www.youtube.com/@TrunkaMonk,2,19,1,6,9
536,@xavierharrison4601,http://www.youtube.com/@xavierharrison4601,2,20,1,6,9
537,@gabrielknight9336,http://www.youtube.com/@gabrielknight9336,1,10,1,6,9
538,@clayton7658,http://www.youtube.com/@clayton7658,1,10,1,6,9
539,@DireSway,http://www.youtube.com/@DireSway,3,28,1,6,9
540,@chrisstocks7137,http://www.youtube.com/@chrisstocks7137,2,19,1,6,9
541,@Vanmanyo,http://www.youtube.com/@Vanmanyo,2,20,1,6,9
542,@TrashBoat2604,http://www.youtube.com/@TrashBoat2604,2,20,1,6,9
543,@leomemesxd8017,http://www.youtube.com/@leomemesxd8017,2,20,1,6,9
544,@r4romil,http://www.youtube.com/@r4romil,3,30,1,6,9
545,@mustyremsy3556,http://www.youtube.com/@mustyremsy3556,2,20,1,6,9
546,@Tim_D93,http://www.youtube.com/@Tim_D93,2,20,1,6,9
547,@zacharyhawes6938,http://www.youtube.com/@zacharyhawes6938,2,20,0,9,9
548,@adrianpietrzak4209,http://www.youtube.com/@adrianpietrzak4209,3,29,0,9,9
549,@jcawa-23,http://www.youtube.com/@jcawa-23,2,20,0,9,9
550,@williampetrie4259,http://www.youtube.com/@williampetrie4259,1,10,2,2,8
551,@Its.Abzzzz,http://www.youtube.com/@Its.Abzzzz,1,10,2,2,8
552,@emmahenleydavies01,http://www.youtube.com/@emmahenleydavies01,1,10,2,2,8
553,@romeroperez3682,http://www.youtube.com/@romeroperez3682,1,10,2,2,8
554,@OliverJones-o1d,http://www.youtube.com/@OliverJones-o1d,1,10,2,2,8
555,@tmoney7280,http://www.youtube.com/@tmoney7280,1,10,2,2,8
556,@shanematthews-ng6oe,http://www.youtube.com/@shanematthews-ng6oe,1,10,2,2,8
557,@Thommey27749,http://www.youtube.com/@Thommey27749,1,10,2,2,8
558,@thomasrichardson6432,http://www.youtube.com/@thomasrichardson6432,1,10,2,2,8
559,@CraigyBMusic,http://www.youtube.com/@CraigyBMusic,1,10,2,2,8
560,@williammurray-i6f,http://www.youtube.com/@williammurray-i6f,1,10,2,2,8
561,@SonnyBush-yl7ng,http://www.youtube.com/@SonnyBush-yl7ng,1,10,2,2,8
562,@hd_lazyup2093,http://www.youtube.com/@hd_lazyup2093,1,9,2,2,8
563,@lukeparki84,http://www.youtube.com/@lukeparki84,1,10,1,5,8
564,@brycedunlap298,http://www.youtube.com/@brycedunlap298,1,10,1,5,8
565,@sirspoken9693,http://www.youtube.com/@sirspoken9693,2,19,1,5,8
566,@JHoly38,http://www.youtube.com/@JHoly38,2,20,1,5,8
567,@Che3etox,http://www.youtube.com/@Che3etox,2,20,1,5,8
568,@mattractivevideos,http://www.youtube.com/@mattractivevideos,1,10,1,5,8
569,@matti.p_26,http://www.youtube.com/@matti.p_26,1,10,1,5,8
570,@kachunga870,http://www.youtube.com/@kachunga870,1,10,1,5,8
571,@aryaman7907,http://www.youtube.com/@aryaman7907,1,10,1,5,8
572,@furkankilicaslan03,http://www.youtube.com/@furkankilicaslan03,2,19,1,5,8
573,@Jayisred23,http://www.youtube.com/@Jayisred23,2,20,1,5,8
574,@teetow2153,http://www.youtube.com/@teetow2153,2,20,1,5,8
575,@AaravShukla-v4q,http://www.youtube.com/@AaravShukla-v4q,1,10,1,5,8
576,@moze2324,http://www.youtube.com/@moze2324,1,10,1,5,8
577,@ConorSM15,http://www.youtube.com/@ConorSM15,2,20,1,5,8
578,@subscribetoartguyfootball12353,http://www.youtube.com/@subscribetoartguyfootball12353,1,10,1,5,8
579,@piratamaia,http://www.youtube.com/@piratamaia,1,10,1,5,8
580,@iZElynd,http://www.youtube.com/@iZElynd,1,9,1,5,8
581,@theonesparrowhawk,http://www.youtube.com/@theonesparrowhawk,2,20,1,5,8
582,@TheFootballingMadman,http://www.youtube.com/@TheFootballingMadman,1,10,1,5,8
583,@MakuBage-f3g,http://www.youtube.com/@MakuBage-f3g,2,20,1,5,8
584,@ManchesterUnited20fc,http://www.youtube.com/@ManchesterUnited20fc,2,20,1,5,8
585,@cinderluna,http://www.youtube.com/@cinderluna,2,19,1,5,8
586,@ChristianGonzalez-fs9so,http://www.youtube.com/@ChristianGonzalez-fs9so,1,9,1,5,8
587,@NaaMeow1,http://www.youtube.com/@NaaMeow1,2,20,1,5,8
588,@williamhawkridge6613,http://www.youtube.com/@williamhawkridge6613,2,20,1,5,8
589,@gauzy4378,http://www.youtube.com/@gauzy4378,2,20,0,8,8
590,@qnakipogonchev1473,http://www.youtube.com/@qnakipogonchev1473,2,20,0,8,8
591,@dansims3857,http://www.youtube.com/@dansims3857,3,30,0,8,8
592,@hulk7402,http://www.youtube.com/@hulk7402,3,30,0,8,8
593,@memoelrey13,http://www.youtube.com/@memoelrey13,2,20,0,8,8
594,@ayodejiogunbameru9096,http://www.youtube.com/@ayodejiogunbameru9096,1,10,2,1,7
595,@dduncan-i3k,http://www.youtube.com/@dduncan-i3k,1,10,2,1,7
596,@ElSapaInca,http://www.youtube.com/@ElSapaInca,1,10,2,1,7
597,@iamleslielimcy,http://www.youtube.com/@iamleslielimcy,1,9,2,1,7
598,@enfuehufneu,http://www.youtube.com/@enfuehufneu,1,10,2,1,7
599,@Prezurala,http://www.youtube.com/@Prezurala,1,10,2,1,7
600,@cammcbirnie4644,http://www.youtube.com/@cammcbirnie4644,1,10,2,1,7
601,@hellopaycheck4541,http://www.youtube.com/@hellopaycheck4541,1,10,2,1,7
602,@charliegrahofke5176,http://www.youtube.com/@charliegrahofke5176,1,10,2,1,7
603,@NicoAngelo-p9q,http://www.youtube.com/@NicoAngelo-p9q,2,20,1,4,7
604,@martinez1197,http://www.youtube.com/@martinez1197,1,10,1,4,7
605,@GhostOfKamurocho33,http://www.youtube.com/@GhostOfKamurocho33,1,10,1,4,7
606,@vader21,http://www.youtube.com/@vader21,1,10,1,4,7
607,@fedechiesaenjoyer,http://www.youtube.com/@fedechiesaenjoyer,2,20,1,4,7
608,@denis_suarezz,http://www.youtube.com/@denis_suarezz,1,10,1,4,7
609,@kubakrupinski9533,http://www.youtube.com/@kubakrupinski9533,1,10,1,4,7
610,@anthonyfernandez1192,http://www.youtube.com/@anthonyfernandez1192,1,8,1,4,7
611,@sherwinvaz677,http://www.youtube.com/@sherwinvaz677,2,19,1,4,7
612,@lfaz7,http://www.youtube.com/@lfaz7,1,10,1,4,7
613,@IsagiClipsyt,http://www.youtube.com/@IsagiClipsyt,2,19,1,4,7
614,@ronishhumagain8559,http://www.youtube.com/@ronishhumagain8559,1,10,1,4,7
615,@Dabdude7,http://www.youtube.com/@Dabdude7,1,10,1,4,7
616,@ORIGIFC,http://www.youtube.com/@ORIGIFC,1,10,1,4,7
617,@vlaha420,http://www.youtube.com/@vlaha420,1,10,1,4,7
618,@chaitanyabahl3623,http://www.youtube.com/@chaitanyabahl3623,1,10,1,4,7
619,@theirishguys-coxmall,http://www.youtube.com/@theirishguys-coxmall,1,10,1,4,7
620,@giardy8053,http://www.youtube.com/@giardy8053,2,20,1,4,7
621,@Gnadeeer,http://www.youtube.com/@Gnadeeer,2,20,1,4,7
622,@ErosFabbriGk2026,http://www.youtube.com/@ErosFabbriGk2026,2,20,1,4,7
623,@maxkerrigan9123,http://www.youtube.com/@maxkerrigan9123,1,10,1,4,7
624,@charlesthuo2615,http://www.youtube.com/@charlesthuo2615,2,20,1,4,7
625,@Ðïčķmäştẽř69,http://www.youtube.com/@%C3%90%C3%AF%C4%8D%C4%B7m%C3%A4%C5%9Ft%E1%BA%BD%C5%9969,2,20,1,4,7
626,@souvikdeb808,http://www.youtube.com/@souvikdeb808,1,10,1,4,7
627,@creepxzdoesstuff,http://www.youtube.com/@creepxzdoesstuff,1,10,1,4,7
628,@CiteilifeFilms,http://www.youtube.com/@CiteilifeFilms,1,10,1,4,7
629,@MichaelOlawepo,http://www.youtube.com/@MichaelOlawepo,1,10,1,4,7
630,@sh81000,http://www.youtube.com/@sh81000,2,19,0,7,7
631,@Europe775,http://www.youtube.com/@Europe775,2,19,0,7,7
632,@snusmuncher1,http://www.youtube.com/@snusmuncher1,2,20,0,7,7
633,@dressrosaRMCF,http://www.youtube.com/@dressrosaRMCF,2,19,0,7,7
634,@md.rashedulhasansafa4750,http://www.youtube.com/@md.rashedulhasansafa4750,2,20,0,7,7
635,@GMDPika,http://www.youtube.com/@GMDPika,2,20,0,7,7
636,@blackbirdieyt,http://www.youtube.com/@blackbirdieyt,2,20,0,7,7
637,@syamalansean,http://www.youtube.com/@syamalansean,2,19,0,7,7
638,@somebloodybrit8067,http://www.youtube.com/@somebloodybrit8067,2,11,1,3,6
639,@fcarbaradle,http://www.youtube.com/@fcarbaradle,1,10,1,3,6
640,@Monpetit883,http://www.youtube.com/@Monpetit883,1,10,1,3,6
641,@chenny0707,http://www.youtube.com/@chenny0707,1,10,1,3,6
642,@connorcox6482,http://www.youtube.com/@connorcox6482,1,10,1,3,6
643,@RyanMK666,http://www.youtube.com/@RyanMK666,2,20,1,3,6
644,@cainward2616,http://www.youtube.com/@cainward2616,1,10,1,3,6
645,@gentianluci4113,http://www.youtube.com/@gentianluci4113,1,10,1,3,6
646,@borisllav,http://www.youtube.com/@borisllav,1,10,1,3,6
647,@johndoheny4807,http://www.youtube.com/@johndoheny4807,1,10,1,3,6
648,@terridonnelly,http://www.youtube.com/@terridonnelly,1,10,1,3,6
649,@mattlb1412,http://www.youtube.com/@mattlb1412,1,10,1,3,6
650,@thesaltylemon2407,http://www.youtube.com/@thesaltylemon2407,1,10,1,3,6
651,@keithmurray2001,http://www.youtube.com/@keithmurray2001,1,10,1,3,6
652,@x_8643,http://www.youtube.com/@x_8643,1,10,1,3,6
653,@achidupite3616,http://www.youtube.com/@achidupite3616,1,10,1,3,6
654,@muratyldrm6879,http://www.youtube.com/@muratyldrm6879,1,10,1,3,6
655,@emillyder4387,http://www.youtube.com/@emillyder4387,1,10,1,3,6
656,@amalmathew6278,http://www.youtube.com/@amalmathew6278,1,10,1,3,6
657,@kaushiksubramanian605,http://www.youtube.com/@kaushiksubramanian605,1,9,1,3,6
658,@TEddie9251,http://www.youtube.com/@TEddie9251,1,9,1,3,6
659,@NkonghoepeyJoypraise,http://www.youtube.com/@NkonghoepeyJoypraise,1,10,1,3,6
660,@MaxStock-q3t,http://www.youtube.com/@MaxStock-q3t,1,9,1,3,6
661,@Edi67-q5r,http://www.youtube.com/@Edi67-q5r,1,10,1,3,6
662,@Nicky_Wicky,http://www.youtube.com/@Nicky_Wicky,1,10,1,3,6
663,@KondwaKaira,http://www.youtube.com/@KondwaKaira,1,9,1,3,6
664,@vwanimations4986,http://www.youtube.com/@vwanimations4986,1,10,1,3,6
665,@Surge52000,http://www.youtube.com/@Surge52000,1,8,1,3,6
666,@jackknowler6651,http://www.youtube.com/@jackknowler6651,1,9,1,3,6
667,@thetechguide4844,http://www.youtube.com/@thetechguide4844,1,10,1,3,6
668,@EllisMurray7,http://www.youtube.com/@EllisMurray7,1,10,1,3,6
669,@bingoper48_44,http://www.youtube.com/@bingoper48_44,2,19,1,3,6
670,@sophiacoates-jones450,http://www.youtube.com/@sophiacoates-jones450,1,10,1,3,6
671,@jake_lol180,http://www.youtube.com/@jake_lol180,1,10,1,3,6
672,@Lenovoyo1030,http://www.youtube.com/@Lenovoyo1030,1,10,1,3,6
673,@sanjaykrishnan9404,http://www.youtube.com/@sanjaykrishnan9404,1,10,1,3,6
674,@Blazed666,http://www.youtube.com/@Blazed666,1,10,1,3,6
675,@apezza402,http://www.youtube.com/@apezza402,1,10,1,3,6
676,@grgech,http://www.youtube.com/@grgech,1,10,1,3,6
677,@txelmun,http://www.youtube.com/@txelmun,1,10,1,3,6
678,@TheSkinnerBrothers1,http://www.youtube.com/@TheSkinnerBrothers1,1,10,1,3,6
679,@mogus581,http://www.youtube.com/@mogus581,2,20,1,3,6
680,@aakashezhilan4520,http://www.youtube.com/@aakashezhilan4520,1,10,1,3,6
681,@Themosquito_,http://www.youtube.com/@Themosquito_,1,10,1,3,6
682,@Napoleon_Nick,http://www.youtube.com/@Napoleon_Nick,1,10,1,3,6
683,@Jay58ja,http://www.youtube.com/@Jay58ja,1,10,1,3,6
684,@Ppky2,http://www.youtube.com/@Ppky2,2,12,1,3,6
685,@xvector6974,http://www.youtube.com/@xvector6974,1,10,1,3,6
686,@JRC2169,http://www.youtube.com/@JRC2169,1,10,1,3,6
687,@buckfast69,http://www.youtube.com/@buckfast69,1,10,1,3,6
688,@Thebackpostpod,http://www.youtube.com/@Thebackpostpod,1,10,1,3,6
689,@Barrysays9230,http://www.youtube.com/@Barrysays9230,1,10,0,6,6
690,@hothead5395,http://www.youtube.com/@hothead5395,2,19,0,6,6
691,@Smidgebomb,http://www.youtube.com/@Smidgebomb,1,9,0,6,6
692,@younesabd5839,http://www.youtube.com/@younesabd5839,1,10,0,6,6
693,@Joe_6597,http://www.youtube.com/@Joe_6597,1,10,0,6,6
694,@raghavplayz874,http://www.youtube.com/@raghavplayz874,1,10,0,6,6
695,@SmokeAsh0604,http://www.youtube.com/@SmokeAsh0604,1,10,0,6,6
696,@Nathan._.0403,http://www.youtube.com/@Nathan._.0403,2,20,0,6,6
697,@majahki,http://www.youtube.com/@majahki,2,20,0,6,6
698,@lavishjain4145,http://www.youtube.com/@lavishjain4145,2,20,0,6,6
699,@DylanKenendy,http://www.youtube.com/@DylanKenendy,1,10,0,6,6
700,@footyanimator,http://www.youtube.com/@footyanimator,2,20,0,6,6
701,@shamaiperez-u7f,http://www.youtube.com/@shamaiperez-u7f,1,10,0,6,6
702,@jeremyfraser138,http://www.youtube.com/@jeremyfraser138,2,20,0,6,6
703,@Bbbraelyn,http://www.youtube.com/@Bbbraelyn,3,29,0,6,6
704,@footballfan3757,http://www.youtube.com/@footballfan3757,1,10,1,2,5
705,@paulhardy8710,http://www.youtube.com/@paulhardy8710,2,20,1,2,5
706,@willifervascheesy3170,http://www.youtube.com/@willifervascheesy3170,1,9,1,2,5
707,@parcspector,http://www.youtube.com/@parcspector,1,10,1,2,5
708,@LordEverythingtrains,http://www.youtube.com/@LordEverythingtrains,1,10,1,2,5
709,@TheLikingTrash3991,http://www.youtube.com/@TheLikingTrash3991,1,10,1,2,5
710,@purplevendingmachine1762,http://www.youtube.com/@purplevendingmachine1762,1,10,1,2,5
711,@SinisterSkibidi,http://www.youtube.com/@SinisterSkibidi,1,10,1,2,5
712,@declangill5138,http://www.youtube.com/@declangill5138,1,10,1,2,5
713,@vT.420,http://www.youtube.com/@vT.420,1,10,1,2,5
714,@maticgorse3009,http://www.youtube.com/@maticgorse3009,1,10,1,2,5
715,@Plague-wj9us,http://www.youtube.com/@Plague-wj9us,1,10,1,2,5
716,@KamranHussain-m4c,http://www.youtube.com/@KamranHussain-m4c,1,8,1,2,5
717,@JayTeeDE,http://www.youtube.com/@JayTeeDE,1,9,1,2,5
718,@JAALLEY,http://www.youtube.com/@JAALLEY,1,9,1,2,5
719,@Sinthmodel,http://www.youtube.com/@Sinthmodel,1,10,1,2,5
720,@scuffedgang1212,http://www.youtube.com/@scuffedgang1212,1,10,1,2,5
721,@aliabdullah8508,http://www.youtube.com/@aliabdullah8508,1,10,1,2,5
722,@nabilarufai6017,http://www.youtube.com/@nabilarufai6017,1,10,1,2,5
723,@Kushlalwani22,http://www.youtube.com/@Kushlalwani22,1,10,1,2,5
724,@suhelsiddiqui475,http://www.youtube.com/@suhelsiddiqui475,1,10,1,2,5
725,@lnterestingInternet,http://www.youtube.com/@lnterestingInternet,1,10,1,2,5
726,@colossalbrawl,http://www.youtube.com/@colossalbrawl,1,10,1,2,5
727,@DJYungHank,http://www.youtube.com/@DJYungHank,1,10,1,2,5
728,@evanrayyan8405,http://www.youtube.com/@evanrayyan8405,1,9,1,2,5
729,@j0shuaaa04,http://www.youtube.com/@j0shuaaa04,1,10,1,2,5
730,@pac-mansuit4246,http://www.youtube.com/@pac-mansuit4246,2,19,0,5,5
731,@MohamedYassineBahri-x1b,http://www.youtube.com/@MohamedYassineBahri-x1b,1,10,0,5,5
732,@paimxd,http://www.youtube.com/@paimxd,1,10,0,5,5
733,@VitorBredow1107,http://www.youtube.com/@VitorBredow1107,1,10,0,5,5
734,@salmantash3943,http://www.youtube.com/@salmantash3943,1,9,0,5,5
735,@miserableenclosure,http://www.youtube.com/@miserableenclosure,2,20,0,5,5
736,@timalechkevitch4566,http://www.youtube.com/@timalechkevitch4566,1,10,0,5,5
737,@tirelesscolt4148,http://www.youtube.com/@tirelesscolt4148,1,10,0,5,5
738,@ColeMcCluskey-w4f,http://www.youtube.com/@ColeMcCluskey-w4f,1,9,0,5,5
739,@Hyberst,http://www.youtube.com/@Hyberst,1,10,0,5,5
740,@davidkelleghan7615,http://www.youtube.com/@davidkelleghan7615,1,10,0,5,5
741,@renecasstro,http://www.youtube.com/@renecasstro,1,8,0,5,5
742,@adambrekibirgisson1670,http://www.youtube.com/@adambrekibirgisson1670,1,10,0,5,5
743,@cwbfclegends7048,http://www.youtube.com/@cwbfclegends7048,1,10,0,5,5
744,@mrktobi1163,http://www.youtube.com/@mrktobi1163,1,10,0,5,5
745,@shayneforrest2312,http://www.youtube.com/@shayneforrest2312,2,19,0,5,5
746,@heywho1139,http://www.youtube.com/@heywho1139,2,18,0,5,5
747,@Vicksk7iGoli,http://www.youtube.com/@Vicksk7iGoli,1,9,0,5,5
748,@Kuz-,http://www.youtube.com/@Kuz-,2,20,0,5,5
749,@Krypt-r9m,http://www.youtube.com/@Krypt-r9m,1,10,0,5,5
750,@sashoborisov3607,http://www.youtube.com/@sashoborisov3607,1,10,0,5,5
751,@thenorthernghanaexperienc,http://www.youtube.com/@thenorthernghanaexperienc,1,10,0,5,5
752,@A.Sharif.02,http://www.youtube.com/@A.Sharif.02,2,20,0,5,5
753,@tantex1747,http://www.youtube.com/@tantex1747,1,10,0,5,5
754,@BYH-19,http://www.youtube.com/@BYH-19,2,20,0,5,5
755,@sannymiguelculla30,http://www.youtube.com/@sannymiguelculla30,2,19,0,5,5
756,@InfiniteWasp360,http://www.youtube.com/@InfiniteWasp360,1,10,0,5,5
757,@arturosoto8195,http://www.youtube.com/@arturosoto8195,1,10,0,5,5
758,@ddd-s8n5mmeenu,http://www.youtube.com/@ddd-s8n5mmeenu,1,10,0,5,5
759,@edwardgranger742,http://www.youtube.com/@edwardgranger742,2,19,0,5,5
760,@AdeyeyeSultan,http://www.youtube.com/@AdeyeyeSultan,1,10,0,5,5
761,@abdallahalkabany5075,http://www.youtube.com/@abdallahalkabany5075,1,10,1,1,4
762,@aarav_theausspur,http://www.youtube.com/@aarav_theausspur,1,9,1,1,4
763,@nathansreptiles4560,http://www.youtube.com/@nathansreptiles4560,1,8,1,1,4
764,@kingofthecourt3352,http://www.youtube.com/@kingofthecourt3352,1,9,1,1,4
765,@youngoriginal03,http://www.youtube.com/@youngoriginal03,1,10,1,1,4
766,@cajokilibarda6537,http://www.youtube.com/@cajokilibarda6537,1,10,1,1,4
767,@The-1872,http://www.youtube.com/@The-1872,1,10,1,1,4
768,@FearProfe,http://www.youtube.com/@FearProfe,1,3,1,1,4
769,@valentinkolev1,http://www.youtube.com/@valentinkolev1,1,10,1,1,4
770,@manguy3135,http://www.youtube.com/@manguy3135,1,10,1,1,4
771,@gomachado,http://www.youtube.com/@gomachado,1,10,1,1,4
772,@denzelrafael2953,http://www.youtube.com/@denzelrafael2953,1,10,1,1,4
773,@twntodaywithniall7702,http://www.youtube.com/@twntodaywithniall7702,1,9,0,4,4
774,@manny0222,http://www.youtube.com/@manny0222,1,8,0,4,4
775,@qulolie8408,http://www.youtube.com/@qulolie8408,1,10,0,4,4
776,@Nissemannen4,http://www.youtube.com/@Nissemannen4,1,10,0,4,4
777,@GiuseppeClarke,http://www.youtube.com/@GiuseppeClarke,1,10,0,4,4
778,@SunnyMC47,http://www.youtube.com/@SunnyMC47,1,10,0,4,4
779,@Gasperthewise,http://www.youtube.com/@Gasperthewise,1,10,0,4,4
780,@addisonfung5009,http://www.youtube.com/@addisonfung5009,1,8,0,4,4
781,@zactheskyblue,http://www.youtube.com/@zactheskyblue,1,10,0,4,4
782,@GoldTails_YT,http://www.youtube.com/@GoldTails_YT,1,10,0,4,4
783,@sriharivenkataramanan,http://www.youtube.com/@sriharivenkataramanan,1,10,0,4,4
784,@LeighWheldon-o4x,http://www.youtube.com/@LeighWheldon-o4x,1,10,0,4,4
785,@PeadarDunlop,http://www.youtube.com/@PeadarDunlop,1,10,0,4,4
786,@mrunique5,http://www.youtube.com/@mrunique5,1,10,0,4,4
787,@Webster_hub,http://www.youtube.com/@Webster_hub,1,10,0,4,4
788,@BricksbyBrendan,http://www.youtube.com/@BricksbyBrendan,1,10,0,4,4
789,@johnnygatorkinshasa7488,http://www.youtube.com/@johnnygatorkinshasa7488,1,10,0,4,4
790,@TongaFanRebuilderWSC,http://www.youtube.com/@TongaFanRebuilderWSC,1,10,0,4,4
791,@LeggyJ,http://www.youtube.com/@LeggyJ,1,10,0,4,4
792,@myname1552,http://www.youtube.com/@myname1552,1,9,0,4,4
793,@aarnavv6677,http://www.youtube.com/@aarnavv6677,1,10,0,4,4
794,@sheilachitwamali6738,http://www.youtube.com/@sheilachitwamali6738,1,9,0,4,4
795,@iemmanuel10,http://www.youtube.com/@iemmanuel10,1,9,0,4,4
796,@zaferiqbalshaikh9544,http://www.youtube.com/@zaferiqbalshaikh9544,1,10,0,4,4
797,@YouTubePremium-ce4qu,http://www.youtube.com/@YouTubePremium-ce4qu,1,10,0,4,4
798,@MattMuldoon2132,http://www.youtube.com/@MattMuldoon2132,1,8,0,4,4
799,@skridead7525,http://www.youtube.com/@skridead7525,1,9,0,4,4
800,@AngelofDetermination,http://www.youtube.com/@AngelofDetermination,4,26,0,4,4
801,@BerkeGunal,http://www.youtube.com/@BerkeGunal,1,10,0,4,4
802,@wormy67,http://www.youtube.com/@wormy67,1,10,0,4,4
803,@sweatycheerioman64,http://www.youtube.com/@sweatycheerioman64,1,10,0,4,4
804,@LuisValex,http://www.youtube.com/@LuisValex,1,10,0,4,4
805,@account6981,http://www.youtube.com/@account6981,1,10,0,4,4
806,@williamleadbeater8110,http://www.youtube.com/@williamleadbeater8110,1,10,0,4,4
807,@Ruralsloth1,http://www.youtube.com/@Ruralsloth1,1,10,0,4,4
808,@toko429,http://www.youtube.com/@toko429,2,20,0,4,4
809,@kshitijpandey6514,http://www.youtube.com/@kshitijpandey6514,1,9,0,4,4
810,@ajtsl1277,http://www.youtube.com/@ajtsl1277,1,10,0,4,4
811,@mcharmeleon897,http://www.youtube.com/@mcharmeleon897,1,10,0,4,4
812,@msjft1230c,http://www.youtube.com/@msjft1230c,1,10,0,4,4
813,@CharlieMogg-zl4wl,http://www.youtube.com/@CharlieMogg-zl4wl,1,10,0,4,4
814,@bdjlast3672,http://www.youtube.com/@bdjlast3672,2,20,0,4,4
815,@thecrisis1907,http://www.youtube.com/@thecrisis1907,1,10,0,4,4
816,@hanizahab8032,http://www.youtube.com/@hanizahab8032,1,10,0,4,4
817,@jradler11,http://www.youtube.com/@jradler11,1,10,0,4,4
818,@jacoblm28,http://www.youtube.com/@jacoblm28,1,10,0,4,4
819,@andrewwells6655,http://www.youtube.com/@andrewwells6655,1,8,0,4,4
820,@petebeno08,http://www.youtube.com/@petebeno08,1,9,0,3,3
821,@eduardolalo9069,http://www.youtube.com/@eduardolalo9069,1,10,0,3,3
822,@christianeordonez296,http://www.youtube.com/@christianeordonez296,1,9,0,3,3
823,@TylerNidds,http://www.youtube.com/@TylerNidds,1,10,0,3,3
824,@Mvpo444,http://www.youtube.com/@Mvpo444,2,14,0,3,3
825,@MeloGelo97,http://www.youtube.com/@MeloGelo97,1,9,0,3,3
826,@maxsekai,http://www.youtube.com/@maxsekai,1,9,0,3,3
827,@Sroba23,http://www.youtube.com/@Sroba23,1,10,0,3,3
828,@RealJakeArnel,http://www.youtube.com/@RealJakeArnel,1,10,0,3,3
829,@TheVillainousVillan,http://www.youtube.com/@TheVillainousVillan,1,10,0,3,3
830,@luxoliss,http://www.youtube.com/@luxoliss,1,10,0,3,3
831,@jamiestone2480,http://www.youtube.com/@jamiestone2480,1,10,0,3,3
832,@housecats2748,http://www.youtube.com/@housecats2748,1,10,0,3,3
833,@smyttan9714,http://www.youtube.com/@smyttan9714,1,10,0,3,3
834,@Hello-i1o2n,http://www.youtube.com/@Hello-i1o2n,1,9,0,3,3
835,@victorNephalem,http://www.youtube.com/@victorNephalem,1,10,0,3,3
836,@RiskRRR_123,http://www.youtube.com/@RiskRRR_123,1,7,0,3,3
837,@Randomguyyay,http://www.youtube.com/@Randomguyyay,1,10,0,3,3
838,@lukehaywood1595,http://www.youtube.com/@lukehaywood1595,1,10,0,3,3
839,@Blaze_24_1,http://www.youtube.com/@Blaze_24_1,1,9,0,3,3
840,@freddoorofficial,http://www.youtube.com/@freddoorofficial,2,16,0,3,3
841,@raki199912,http://www.youtube.com/@raki199912,1,10,0,3,3
842,@noah0051,http://www.youtube.com/@noah0051,1,10,0,3,3
843,@Thelonesoldier360,http://www.youtube.com/@Thelonesoldier360,1,10,0,3,3
844,@cedrickerkmeester9367,http://www.youtube.com/@cedrickerkmeester9367,1,8,0,3,3
845,@skopljakjasmin,http://www.youtube.com/@skopljakjasmin,1,10,0,3,3
846,@zeeintegral,http://www.youtube.com/@zeeintegral,1,10,0,3,3
847,@josephshuford6193,http://www.youtube.com/@josephshuford6193,1,10,0,3,3
848,@ArmaanIshaq-e1v,http://www.youtube.com/@ArmaanIshaq-e1v,1,10,0,3,3
849,@alacaviationrailfan,http://www.youtube.com/@alacaviationrailfan,1,10,0,3,3
850,@elijahjoseph4840,http://www.youtube.com/@elijahjoseph4840,1,10,0,3,3
851,@O_z_a_e,http://www.youtube.com/@O_z_a_e,1,10,0,3,3
852,@kris106jay,http://www.youtube.com/@kris106jay,1,10,0,3,3
853,@valuminous,http://www.youtube.com/@valuminous,1,10,0,3,3
854,@nathancolliss127,http://www.youtube.com/@nathancolliss127,1,10,0,3,3
855,@afonsopirespereira4472,http://www.youtube.com/@afonsopirespereira4472,1,10,0,3,3
856,@notgamertips5836,http://www.youtube.com/@notgamertips5836,1,10,0,3,3
857,@zorkoro,http://www.youtube.com/@zorkoro,1,10,0,3,3
858,@williambostock9103,http://www.youtube.com/@williambostock9103,1,10,0,3,3
859,@KuzeClipsyt,http://www.youtube.com/@KuzeClipsyt,2,19,0,3,3
860,@harpermeadowcroft7276,http://www.youtube.com/@harpermeadowcroft7276,1,10,0,3,3
861,@Demon_Derek,http://www.youtube.com/@Demon_Derek,1,9,0,3,3
862,@rub_707,http://www.youtube.com/@rub_707,1,10,0,3,3
863,@prahlads3462,http://www.youtube.com/@prahlads3462,1,10,0,3,3
864,@Sub_sausage2567,http://www.youtube.com/@Sub_sausage2567,1,10,0,3,3
865,@AMo23486,http://www.youtube.com/@AMo23486,1,10,0,3,3
866,@zagreusfromhades,http://www.youtube.com/@zagreusfromhades,1,9,0,2,2
867,@allegrifan,http://www.youtube.com/@allegrifan,1,9,0,2,2
868,@Unclekase,http://www.youtube.com/@Unclekase,1,9,0,2,2
869,@CharlieStocks-w2q,http://www.youtube.com/@CharlieStocks-w2q,1,10,0,2,2
870,@aaronjames1235,http://www.youtube.com/@aaronjames1235,1,9,0,2,2
871,@kashyapgohil9873,http://www.youtube.com/@kashyapgohil9873,1,10,0,2,2
872,@SemPlaysYT,http://www.youtube.com/@SemPlaysYT,1,10,0,2,2
873,@IanMatson-k2t4o,http://www.youtube.com/@IanMatson-k2t4o,1,10,0,2,2
874,@S_-if9dv,http://www.youtube.com/@S_-if9dv,1,10,0,2,2
875,@AngelosTheodorakakis,http://www.youtube.com/@AngelosTheodorakakis,1,6,0,2,2
876,@FlappyPutin,http://www.youtube.com/@FlappyPutin,1,10,0,2,2
877,@harryprice-v7d,http://www.youtube.com/@harryprice-v7d,1,9,0,2,2
878,@hmm5176,http://www.youtube.com/@hmm5176,1,9,0,2,2
879,@juanwatermelon25,http://www.youtube.com/@juanwatermelon25,1,10,0,2,2
880,@elliotking4807,http://www.youtube.com/@elliotking4807,1,4,0,2,2
881,@Biggestboyyyy,http://www.youtube.com/@Biggestboyyyy,1,10,0,2,2
882,@nep2222,http://www.youtube.com/@nep2222,1,9,0,2,2
883,@KaidenAndu,http://www.youtube.com/@KaidenAndu,1,10,0,2,2
884,@ZeroComments7,http://www.youtube.com/@ZeroComments7,1,9,0,2,2
885,@raineroooo4553,http://www.youtube.com/@raineroooo4553,1,9,0,2,2
886,@Omer-v1y9x,http://www.youtube.com/@Omer-v1y9x,1,10,0,2,2
887,@Shippers07,http://www.youtube.com/@Shippers07,1,10,0,2,2
888,@la_flame032,http://www.youtube.com/@la_flame032,1,10,0,2,2
889,@monikamihoric9101,http://www.youtube.com/@monikamihoric9101,1,8,0,2,2
890,@Alpha13_FC,http://www.youtube.com/@Alpha13_FC,1,10,0,2,2
891,@caeelus,http://www.youtube.com/@caeelus,1,10,0,2,2
892,@legofan9743,http://www.youtube.com/@legofan9743,1,10,0,2,2
893,@alchemysticwitch,http://www.youtube.com/@alchemysticwitch,1,10,0,2,2
894,@mikejackson19828,http://www.youtube.com/@mikejackson19828,1,10,0,2,2
895,@pedrocavaco3376,http://www.youtube.com/@pedrocavaco3376,1,10,0,2,2
896,@taqi4056,http://www.youtube.com/@taqi4056,1,10,0,2,2
897,@FreezeRaptoryt,http://www.youtube.com/@FreezeRaptoryt,1,10,0,2,2
898,@SebokaMpe,http://www.youtube.com/@SebokaMpe,1,9,0,2,2
899,@EannaLarkin,http://www.youtube.com/@EannaLarkin,1,9,0,2,2
900,@OshmanMB,http://www.youtube.com/@OshmanMB,1,1,0,1,1
901,@Carter-Ragle,http://www.youtube.com/@Carter-Ragle,1,10,0,1,1
902,@blackwhitearmy8525,http://www.youtube.com/@blackwhitearmy8525,1,10,0,1,1
903,@Schumi_F1,http://www.youtube.com/@Schumi_F1,1,9,0,1,1
904,@TechbroGT,http://www.youtube.com/@TechbroGT,1,10,0,1,1
905,@fsNUFC,http://www.youtube.com/@fsNUFC,1,1,0,1,1
906,@DomenicItaliano-f5q,http://www.youtube.com/@DomenicItaliano-f5q,1,1,0,1,1
907,@thomaslumsden1429,http://www.youtube.com/@thomaslumsden1429,1,9,0,1,1
908,@cian1706,http://www.youtube.com/@cian1706,1,9,0,1,1
909,@luka-t4p2p,http://www.youtube.com/@luka-t4p2p,1,10,0,1,1
910,@Omega45,http://www.youtube.com/@Omega45,1,10,0,1,1
911,@m4cle4n30,http://www.youtube.com/@m4cle4n30,1,9,0,1,1
912,@kelvinkuria9298,http://www.youtube.com/@kelvinkuria9298,1,9,0,1,1
913,@davidsilverstein5079,http://www.youtube.com/@davidsilverstein5079,1,10,0,1,1
914,@FLANUEL1,http://www.youtube.com/@FLANUEL1,1,10,0,1,1
915,@Sheino97,http://www.youtube.com/@Sheino97,1,10,0,1,1
916,@Kingsmann001,http://www.youtube.com/@Kingsmann001,1,10,0,1,1
917,@marksims68,http://www.youtube.com/@marksims68,1,1,0,0,0
918,@philemmondokoth,http://www.youtube.com/@philemmondokoth,1,1,0,0,0
919,@m.b.9752,http://www.youtube.com/@m.b.9752,1,1,0,0,0
920,@HamzV5,http://www.youtube.com/@HamzV5,1,1,0,0,0
921,@MatthewOwen-ix9hg,http://www.youtube.com/@MatthewOwen-ix9hg,1,1,0,0,0
922,@adamholder4959,http://www.youtube.com/@adamholder4959,1,2,0,0,0
923,@crankyderrick7873,http://www.youtube.com/@crankyderrick7873,1,1,0,0,0
924,@connor4435,http://www.youtube.com/@connor4435,1,1,0,0,0
925,@Official_CS,http://www.youtube.com/@Official_CS,1,1,0,0,0
926,@djsmeguk,http://www.youtube.com/@djsmeguk,1,1,0,0,0
927,@ctid7037,http://www.youtube.com/@ctid7037,1,2,0,0,0
928,@milosjakovljevic.predictions,http://www.youtube.com/@milosjakovljevic.predictions,1,4,0,0,0
929,@RedMark10,http://www.youtube.com/@RedMark10,1,1,0,0,0
