Comment_ID,Author,Channel_URL,Published_At,Is_Edited,Status,Matches_Predicted,Exact_Scores (3pts),Outcome_Scores (1pt),Total_GW_Points,Ipswich Town vs Liverpool_Pred,Ipswich Town vs Liverpool_Actual,Ipswich Town vs Liverpool_Pts,Newcastle United vs AFC Bournemouth_Pred,Newcastle United vs AFC Bournemouth_Actual,Newcastle United vs AFC Bournemouth_Pts,Brentford vs Sunderland_Pred,Brentford vs Sunderland_Actual,Brentford vs Sunderland_Pts,Brighton & Hove Albion vs Leeds United_Pred,Brighton & Hove Albion vs Leeds United_Actual,Brighton & Hove Albion vs Leeds United_Pts,Fulham vs Crystal Palace_Pred,Fulham vs Crystal Palace_Actual,Fulham vs Crystal Palace_Pts,Manchester City vs Coventry City_Pred,Manchester City vs Coventry City_Actual,Manchester City vs Coventry City_Pts,Nottingham Forest vs Tottenham Hotspur_Pred,Nottingham Forest vs Tottenham Hotspur_Actual,Nottingham Forest vs Tottenham Hotspur_Pts,Hull City vs Aston Villa_Pred,Hull City vs Aston Villa_Actual,Hull City vs Aston Villa_Pts,Everton vs Manchester United_Pred,Everton vs Manchester United_Actual,Everton vs Manchester United_Pts,Arsenal vs Chelsea_Pred,Arsenal vs Chelsea_Actual,Arsenal vs Chelsea_Pts
UgxMu_8lwttXd7AqJ1Z4AaABAg,@jjbingham123,http://www.youtube.com/@jjbingham123,2026-09-04T20:57:57Z,False,Valid,9,0,0,0,N/A,0-2,0,3-1,TBD,0,2-0,TBD,0,2-2,TBD,0,1-0,TBD,0,5-0,TBD,0,1-1,TBD,0,1-3,TBD,0,0-2,TBD,0,1-3,TBD,0
Ugx478TThyJoZSsvwNN4AaABAg,@Myšutr_cz,http://www.youtube.com/@My%C5%A1utr_cz,2026-09-04T20:57:02Z,False,Valid,9,0,0,0,N/A,0-2,0,2-0,TBD,0,1-2,TBD,0,2-2,TBD,0,1-1,TBD,0,4-0,TBD,0,0-0,TBD,0,0-1,TBD,0,1-2,TBD,0,3-1,TBD,0
Ugynr3fWqE1tQwwFKbl4AaABAg,@Speedinkling,http://www.youtube.com/@Speedinkling,2026-09-04T20:53:48Z,False,Valid,9,0,0,0,N/A,0-2,0,2-0,TBD,0,2-1,TBD,0,1-1,TBD,0,0-1,TBD,0,4-0,TBD,0,2-0,TBD,0,2-1,TBD,0,2-1,TBD,0,3-2,TBD,0
UgwfE-WtcA0G4vnykpx4AaABAg,@amanbelani3518,http://www.youtube.com/@amanbelani3518,2026-09-04T20:45:35Z,False,Valid* (Late for 1 match),8,0,0,0,0-2,0-2,0,N/A,TBD,0,2-0,TBD,0,1-2,TBD,0,1-1,TBD,0,3-0,TBD,0,2-3,TBD,0,1-2,TBD,0,2-4,TBD,0,N/A,TBD,0
UgzzA_RD--TUpJHJ-Kx4AaABAg,@JAALLEY,http://www.youtube.com/@JAALLEY,2026-09-04T20:29:32Z,False,Valid,9,0,0,0,N/A,0-2,0,1-1,TBD,0,2-1,TBD,0,1-1,TBD,0,1-0,TBD,0,6-0,TBD,0,3-1,TBD,0,1-0,TBD,0,1-0,TBD,0,2-3,TBD,0
Ugz-hqmpG5X-H_6gAlx4AaABAg,@ytGetz,http://www.youtube.com/@ytGetz,2026-09-04T20:26:50Z,False,Valid* (Late for 1 match),9,0,0,0,0-2,0-2,0,2-1,TBD,0,1-0,TBD,0,2-1,TBD,0,1-1,TBD,0,5-0,TBD,0,2-2,TBD,0,1-1,TBD,0,1-1,TBD,0,N/A,TBD,0
UgxnlR_QHmOPwNYVt2l4AaABAg,@kstktoochill,http://www.youtube.com/@kstktoochill,2026-09-04T20:25:37Z,False,Valid* (Late for 1 match),10,0,0,0,1-4,0-2,0,2-1,TBD,0,3-1,TBD,0,3-1,TBD,0,1-1,TBD,0,4-0,TBD,0,2-2,TBD,0,1-2,TBD,0,1-3,TBD,0,3-2,TBD,0
UgyZ68BGFAb2dQM3ZRV4AaABAg,@_simon.k_,http://www.youtube.com/@_simon.k_,2026-09-04T20:24:43Z,False,Valid,9,0,0,0,N/A,0-2,0,2-1,TBD,0,3-1,TBD,0,1-1,TBD,0,1-1,TBD,0,4-0,TBD,0,2-0,TBD,0,1-2,TBD,0,1-1,TBD,0,3-2,TBD,0
Ugz9-IkichbzrAL0DNR4AaABAg,@snusmuncher1,http://www.youtube.com/@snusmuncher1,2026-09-04T20:23:52Z,False,Valid* (Late for 1 match),10,0,0,0,0-2,0-2,0,1-1,TBD,0,2-2,TBD,0,1-2,TBD,0,2-2,TBD,0,4-1,TBD,0,1-2,TBD,0,1-1,TBD,0,1-0,TBD,0,1-2,TBD,0
Ugz3kZbeRTDreoKhyMZ4AaABAg,@WojciechGibas,http://www.youtube.com/@WojciechGibas,2026-09-04T20:23:40Z,False,Valid* (Late for 1 match),10,0,0,0,0-3,0-2,0,2-0,TBD,0,2-2,TBD,0,2-3,TBD,0,2-0,TBD,0,3-0,TBD,0,1-1,TBD,0,1-2,TBD,0,1-3,TBD,0,2-2,TBD,0
UgzyrfTX5LBCov7_u814AaABAg,@justinbrown-zr9zf,http://www.youtube.com/@justinbrown-zr9zf,2026-09-04T20:22:56Z,False,Valid,9,0,0,0,N/A,0-2,0,1-3,TBD,0,4-1,TBD,0,2-1,TBD,0,0-1,TBD,0,1-2,TBD,0,3-0,TBD,0,2-2,TBD,0,2-3,TBD,0,3-3,TBD,0
UgwHeoL6THu0D8_rhL14AaABAg,@Monke-k4l,http://www.youtube.com/@Monke-k4l,2026-09-04T20:20:31Z,False,Valid,9,0,0,0,N/A,0-2,0,2-1,TBD,0,2-0,TBD,0,1-1,TBD,0,2-1,TBD,0,5-0,TBD,0,1-0,TBD,0,2-0,TBD,0,1-1,TBD,0,3-2,TBD,0
UgyxeN72EVwLbOkqFR14AaABAg,@Madcam647,http://www.youtube.com/@Madcam647,2026-09-04T20:19:22Z,False,Valid* (Late for 1 match),10,0,0,0,0-2,0-2,0,1-2,TBD,0,2-1,TBD,0,3-1,TBD,0,0-0,TBD,0,4-0,TBD,0,1-2,TBD,0,0-2,TBD,0,1-3,TBD,0,2-1,TBD,0
UgwUuWftqdG7S9sr9GR4AaABAg,@lobstageorge,http://www.youtube.com/@lobstageorge,2026-09-04T20:14:29Z,False,Valid,9,0,0,0,N/A,0-2,0,2-0,TBD,0,2-0,TBD,0,0-2,TBD,0,0-2,TBD,0,3-0,TBD,0,2-0,TBD,0,2-2,TBD,0,0-1,TBD,0,2-2,TBD,0
Ugy_7Ry0SEoKwmZFSyh4AaABAg,@choj619,http://www.youtube.com/@choj619,2026-09-04T20:06:38Z,False,Valid,9,0,0,0,N/A,0-2,0,1-1,TBD,0,2-1,TBD,0,2-2,TBD,0,0-1,TBD,0,2-0,TBD,0,1-0,TBD,0,0-2,TBD,0,1-3,TBD,0,2-3,TBD,0
UgwsUR6fZthZxznbTyl4AaABAg,@Pokevlogster,http://www.youtube.com/@Pokevlogster,2026-09-04T19:59:57Z,False,Valid,9,0,0,0,N/A,0-2,0,2-0,TBD,0,2-1,TBD,0,1-1,TBD,0,0-0,TBD,0,4-0,TBD,0,2-1,TBD,0,1-2,TBD,0,1-2,TBD,0,3-1,TBD,0
UgzeCWXiSL21-SsNH-B4AaABAg,@Santiago-ct2rv,http://www.youtube.com/@Santiago-ct2rv,2026-09-04T19:58:46Z,False,Valid* (Late for 1 match),9,0,0,0,1-3,0-2,0,N/A,TBD,0,2-0,TBD,0,2-1,TBD,0,1-0,TBD,0,5-1,TBD,0,2-1,TBD,0,1-1,TBD,0,1-2,TBD,0,2-2,TBD,0
UgzFHA0QGP5EdCDXDKh4AaABAg,@Manof0talents,http://www.youtube.com/@Manof0talents,2026-09-04T19:55:47Z,False,Valid,9,0,0,0,N/A,0-2,0,2-1,TBD,0,3-1,TBD,0,1-1,TBD,0,1-1,TBD,0,4-0,TBD,0,2-1,TBD,0,2-1,TBD,0,2-2,TBD,0,2-1,TBD,0
UgyUeYHr-xCLlveN62F4AaABAg,@P-Rex2844,http://www.youtube.com/@P-Rex2844,2026-09-04T19:55:04Z,False,Valid* (Late for 1 match),10,0,0,0,0-2,0-2,0,2-1,TBD,0,3-1,TBD,0,2-2,TBD,0,1-0,TBD,0,4-0,TBD,0,1-0,TBD,0,1-0,TBD,0,2-3,TBD,0,2-1,TBD,0
UgzcLcG8zeoCejK0-gR4AaABAg,@Knight4869-l9y,http://www.youtube.com/@Knight4869-l9y,2026-09-04T19:54:25Z,False,Valid* (Late for 1 match),9,0,0,0,1-2,0-2,0,2-2,TBD,0,3-2,TBD,0,1-1,TBD,0,2-0,TBD,0,3-1,TBD,0,N/A,TBD,0,2-1,TBD,0,1-1,TBD,0,3-1,TBD,0
UgyjR3zp4KQo89pORVZ4AaABAg,@Sinthmodel,http://www.youtube.com/@Sinthmodel,2026-09-04T19:54:10Z,False,Valid* (Late for 1 match),10,0,0,0,0-4,0-2,0,3-1,TBD,0,2-1,TBD,0,2-2,TBD,0,2-0,TBD,0,6-0,TBD,0,2-1,TBD,0,0-0,TBD,0,2-1,TBD,0,1-2,TBD,0
UgykJDhFR4YZ-Hj4LP54AaABAg,@cian1706,http://www.youtube.com/@cian1706,2026-09-04T19:53:12Z,False,Valid,7,0,0,0,N/A,0-2,0,N/A,TBD,0,2-1,TBD,0,2-0,TBD,0,0-0,TBD,0,5-0,TBD,0,0-1,TBD,0,1-2,TBD,0,0-2,TBD,0,N/A,TBD,0
Ugw_u9mScwIDaSuNRfp4AaABAg,@Number-wq3fq,http://www.youtube.com/@Number-wq3fq,2026-09-04T19:49:44Z,False,Valid* (Late for 1 match),10,0,0,0,1-4,0-2,0,1-2,TBD,0,2-0,TBD,0,0-0,TBD,0,1-1,TBD,0,4-0,TBD,0,3-2,TBD,0,1-1,TBD,0,1-3,TBD,0,2-1,TBD,0
UgyGtaCQC1e_UN29FuJ4AaABAg,@itschris2628,http://www.youtube.com/@itschris2628,2026-09-04T19:49:08Z,False,Valid* (Late for 1 match),9,0,0,0,1-3,0-2,0,1-1,TBD,0,2-0,TBD,0,1-1,TBD,0,1-2,TBD,0,3-0,TBD,0,2-2,TBD,0,0-2,TBD,0,N/A,TBD,0,1-1,TBD,0
Ugx1WUneqN1ZCu4x06Z4AaABAg,@onikavelka,http://www.youtube.com/@onikavelka,2026-09-04T19:45:57Z,False,Valid* (Late for 1 match),10,0,0,0,1-3,0-2,0,1-3,TBD,0,1-2,TBD,0,2-1,TBD,0,1-1,TBD,0,2-0,TBD,0,2-1,TBD,0,0-1,TBD,0,1-3,TBD,0,4-2,TBD,0
UgyuXKz4rycvn4ZsKuN4AaABAg,@LavinA1459,http://www.youtube.com/@LavinA1459,2026-09-04T19:43:57Z,False,Valid* (Late for 1 match),10,0,0,0,1-3,0-2,0,2-1,TBD,0,2-0,TBD,0,2-1,TBD,0,1-1,TBD,0,4-0,TBD,0,1-1,TBD,0,0-0,TBD,0,1-2,TBD,0,2-1,TBD,0
UgznzijgXgyRkhKg3Zh4AaABAg,@briantran6145,http://www.youtube.com/@briantran6145,2026-09-04T19:37:12Z,False,Valid* (Late for 1 match),10,0,0,0,0-3,0-2,0,2-1,TBD,0,2-0,TBD,0,1-1,TBD,0,2-0,TBD,0,4-0,TBD,0,2-1,TBD,0,1-2,TBD,0,0-2,TBD,0,2-1,TBD,0
UgxqH2ciy46ct3lNgsl4AaABAg,@Numorfutinca,http://www.youtube.com/@Numorfutinca,2026-09-04T19:36:38Z,False,Valid,9,0,0,0,N/A,0-2,0,2-2,TBD,0,3-0,TBD,0,3-2,TBD,0,1-1,TBD,0,4-0,TBD,0,0-1,TBD,0,0-2,TBD,0,1-1,TBD,0,1-1,TBD,0
Ugwvt_wQV4Utafy0nlV4AaABAg,@chrisstocks7137,http://www.youtube.com/@chrisstocks7137,2026-09-04T19:34:09Z,False,Valid,7,0,0,0,N/A,0-2,0,2-1,TBD,0,N/A,TBD,0,3-1,TBD,0,1-1,TBD,0,N/A,TBD,0,1-1,TBD,0,0-1,TBD,0,1-2,TBD,0,2-2,TBD,0
UgwORfccZOwwZAdFsfl4AaABAg,@reverseflashplays8615,http://www.youtube.com/@reverseflashplays8615,2026-09-04T19:34:07Z,False,Valid* (Late for 1 match),9,0,0,0,0-3,0-2,0,2-1,TBD,0,N/A,TBD,0,3-0,TBD,0,2-0,TBD,0,5-0,TBD,0,2-0,TBD,0,0-3,TBD,0,1-2,TBD,0,3-0,TBD,0
UgwuTbEhXQ0PfI3VV8F4AaABAg,@ZelZal98,http://www.youtube.com/@ZelZal98,2026-09-04T19:33:50Z,False,Valid,9,0,0,0,N/A,0-2,0,2-0,TBD,0,2-0,TBD,0,1-2,TBD,0,1-1,TBD,0,5-0,TBD,0,3-1,TBD,0,2-1,TBD,0,2-2,TBD,0,2-1,TBD,0
UgxN2AxL3QcmFXVs37J4AaABAg,@GragothGames,http://www.youtube.com/@GragothGames,2026-09-04T19:33:10Z,False,Valid* (Late for 1 match),10,0,0,0,0-3,0-2,0,1-2,TBD,0,3-2,TBD,0,2-2,TBD,0,0-0,TBD,0,3-0,TBD,0,1-0,TBD,0,0-2,TBD,0,1-3,TBD,0,1-0,TBD,0
Ugycx4Z1lfvU3t6nSkd4AaABAg,@younglilpappy,http://www.youtube.com/@younglilpappy,2026-09-04T19:29:18Z,False,Valid,9,0,0,0,N/A,0-2,0,2-2,TBD,0,2-1,TBD,0,3-1,TBD,0,2-0,TBD,0,3-0,TBD,0,3-0,TBD,0,1-3,TBD,0,1-3,TBD,0,2-4,TBD,0
UgzUbRpiLabVJPZboT94AaABAg,@Maritimer22,http://www.youtube.com/@Maritimer22,2026-09-04T19:29:09Z,False,Valid* (Late for 1 match),10,0,0,0,0-2,0-2,0,2-1,TBD,0,2-0,TBD,0,3-1,TBD,0,1-0,TBD,0,2-1,TBD,0,2-1,TBD,0,1-1,TBD,0,0-3,TBD,0,2-2,TBD,0
UgzXF0Mp5ogTQruCsVp4AaABAg,@noraniesoh,http://www.youtube.com/@noraniesoh,2026-09-04T19:28:11Z,False,Valid,9,0,0,0,N/A,0-2,0,2-2,TBD,0,1-0,TBD,0,1-2,TBD,0,1-1,TBD,0,3-2,TBD,0,1-3,TBD,0,1-3,TBD,0,1-1,TBD,0,1-2,TBD,0
Ugxyk4kSx8LrJ5kcPop4AaABAg,@silversalamence10,http://www.youtube.com/@silversalamence10,2026-09-04T19:27:54Z,False,Valid* (Late for 1 match),10,0,0,0,1-3,0-2,0,1-1,TBD,0,1-0,TBD,0,2-1,TBD,0,0-0,TBD,0,4-0,TBD,0,2-0,TBD,0,1-2,TBD,0,1-3,TBD,0,2-1,TBD,0
UgwSbRkJ80yY8XSscLV4AaABAg,@NatalieMeow1,http://www.youtube.com/@NatalieMeow1,2026-09-04T19:24:41Z,False,Valid* (Late for 1 match),10,0,0,0,1-2,0-2,0,2-1,TBD,0,2-0,TBD,0,2-2,TBD,0,0-0,TBD,0,5-0,TBD,0,1-0,TBD,0,1-1,TBD,0,0-2,TBD,0,1-1,TBD,0
Ugwz9FtfbaLwyOTr2TB4AaABAg,@brynjar843,http://www.youtube.com/@brynjar843,2026-09-04T19:24:07Z,False,Valid,9,0,0,0,N/A,0-2,0,1-2,TBD,0,3-2,TBD,0,2-2,TBD,0,1-3,TBD,0,5-0,TBD,0,3-1,TBD,0,1-1,TBD,0,1-3,TBD,0,3-1,TBD,0
UgzMvdMBR-m-aOX05Rh4AaABAg,@ДушанРаковић,http://www.youtube.com/@%D0%94%D1%83%D1%88%D0%B0%D0%BD%D0%A0%D0%B0%D0%BA%D0%BE%D0%B2%D0%B8%D1%9B,2026-09-04T19:20:42Z,False,Valid,9,0,0,0,N/A,0-2,0,2-1,TBD,0,1-1,TBD,0,1-1,TBD,0,3-2,TBD,0,5-0,TBD,0,0-1,TBD,0,0-2,TBD,0,1-2,TBD,0,3-0,TBD,0
Ugyt8kHpHFmmX9Hlvi14AaABAg,@upperlolbruce3378,http://www.youtube.com/@upperlolbruce3378,2026-09-04T19:20:03Z,False,Valid* (Late for 1 match),10,0,0,0,0-4,0-2,0,3-1,TBD,0,2-1,TBD,0,2-1,TBD,0,1-1,TBD,0,5-0,TBD,0,2-1,TBD,0,1-2,TBD,0,0-2,TBD,0,2-2,TBD,0
UgxOfGknwv3y6ivzpcd4AaABAg,@enfuehufneu,http://www.youtube.com/@enfuehufneu,2026-09-04T19:19:04Z,False,Valid* (Late for 1 match),10,0,0,0,1-3,0-2,0,2-1,TBD,0,2-1,TBD,0,1-1,TBD,0,2-1,TBD,0,4-0,TBD,0,2-1,TBD,0,0-0,TBD,0,0-2,TBD,0,2-2,TBD,0
UgzmZVkO8WoohxQ12fR4AaABAg,@rohailmahmood3847,http://www.youtube.com/@rohailmahmood3847,2026-09-04T19:18:25Z,False,Valid* (Late for 1 match),10,0,0,0,1-3,0-2,0,1-1,TBD,0,1-0,TBD,0,2-0,TBD,0,0-0,TBD,0,5-0,TBD,0,1-1,TBD,0,0-1,TBD,0,1-2,TBD,0,2-1,TBD,0
UgzZWm-aAyhmNNmnHjF4AaABAg,@JuniorG107,http://www.youtube.com/@JuniorG107,2026-09-04T19:18:16Z,False,Valid* (Late for 1 match),10,0,0,0,0-3,0-2,0,1-1,TBD,0,2-0,TBD,0,1-1,TBD,0,0-0,TBD,0,4-0,TBD,0,2-1,TBD,0,0-1,TBD,0,1-2,TBD,0,2-1,TBD,0
Ugwk_UPlWj61meJYi-54AaABAg,@mukimurco1426,http://www.youtube.com/@mukimurco1426,2026-09-04T19:15:39Z,False,Valid* (Late for 1 match),10,0,0,0,4-3,0-2,0,2-0,TBD,0,3-0,TBD,0,4-0,TBD,0,2-1,TBD,0,6-0,TBD,0,2-1,TBD,0,1-2,TBD,0,1-1,TBD,0,1-0,TBD,0
UgwtyEIKx_dNRgU-LF54AaABAg,@RyanMK666,http://www.youtube.com/@RyanMK666,2026-09-04T19:15:37Z,False,Valid* (Late for 1 match),10,0,0,0,0-7,0-2,0,1-1,TBD,0,3-0,TBD,0,2-1,TBD,0,1-0,TBD,0,8-0,TBD,0,2-0,TBD,0,2-0,TBD,0,1-2,TBD,0,4-4,TBD,0
Ugw96itTNRzo3gkEvlB4AaABAg,@qnakipogonchev1473,http://www.youtube.com/@qnakipogonchev1473,2026-09-04T19:08:23Z,False,Valid* (Late for 1 match),10,0,0,0,0-2,0-2,0,2-1,TBD,0,3-1,TBD,0,2-2,TBD,0,2-1,TBD,0,3-0,TBD,0,2-1,TBD,0,0-2,TBD,0,1-1,TBD,0,2-0,TBD,0
UgzvF19xbL3y3FCpQOV4AaABAg,@raymondwameyo5548,http://www.youtube.com/@raymondwameyo5548,2026-09-04T19:07:50Z,False,Valid* (Late for 1 match),10,0,0,0,1-3,0-2,0,2-1,TBD,0,1-1,TBD,0,2-1,TBD,0,1-2,TBD,0,4-0,TBD,0,3-0,TBD,0,0-2,TBD,0,1-2,TBD,0,2-0,TBD,0
UgzkAht87I0urQgRuLt4AaABAg,@dolphin088,http://www.youtube.com/@dolphin088,2026-09-04T19:07:37Z,False,Valid* (Late for 1 match),10,0,0,0,1-1,0-2,0,1-2,TBD,0,1-1,TBD,0,2-2,TBD,0,0-2,TBD,0,4-0,TBD,0,0-2,TBD,0,0-0,TBD,0,1-0,TBD,0,0-2,TBD,0
UgzUuL8RItwpLMtfNAx4AaABAg,@CharlesColeman-k2f,http://www.youtube.com/@CharlesColeman-k2f,2026-09-04T19:07:22Z,False,Valid* (Late for 1 match),10,0,0,0,2-3,0-2,0,1-1,TBD,0,2-0,TBD,0,2-2,TBD,0,1-0,TBD,0,4-0,TBD,0,1-1,TBD,0,1-2,TBD,0,0-1,TBD,0,2-2,TBD,0
UgwGbOev_E_4wIP1sLl4AaABAg,@coveisyes,http://www.youtube.com/@coveisyes,2026-09-04T19:03:39Z,False,Valid* (Late for 1 match),10,0,0,0,0-2,0-2,0,2-1,TBD,0,1-1,TBD,0,0-0,TBD,0,0-2,TBD,0,3-0,TBD,0,2-0,TBD,0,2-0,TBD,0,0-1,TBD,0,3-2,TBD,0
UgyQ3piyw7JgvAuq-J94AaABAg,@u_s_man9610,http://www.youtube.com/@u_s_man9610,2026-09-04T19:03:22Z,False,Valid* (Late for 1 match),10,0,0,0,2-2,0-2,0,2-1,TBD,0,3-1,TBD,0,2-2,TBD,0,1-0,TBD,0,6-0,TBD,0,2-0,TBD,0,1-1,TBD,0,1-4,TBD,0,1-2,TBD,0
UgzInBp-q3X5HD8Lzex4AaABAg,@ChrisS-051,http://www.youtube.com/@ChrisS-051,2026-09-04T19:02:32Z,False,Valid* (Late for 1 match),10,0,0,0,1-2,0-2,0,2-2,TBD,0,3-0,TBD,0,1-1,TBD,0,2-2,TBD,0,6-0,TBD,0,2-1,TBD,0,1-1,TBD,0,1-2,TBD,0,3-1,TBD,0
UgxwKUo3fCmfuOomGyt4AaABAg,@TuckerTalked,http://www.youtube.com/@TuckerTalked,2026-09-04T19:01:58Z,False,Valid* (Late for 1 match),10,0,0,0,0-3,0-2,0,1-1,TBD,0,2-1,TBD,0,3-1,TBD,0,0-1,TBD,0,4-0,TBD,0,0-1,TBD,0,1-3,TBD,0,1-1,TBD,0,0-0,TBD,0
UgwrXXEtU2sM3qNWSnt4AaABAg,@Jayisred23,http://www.youtube.com/@Jayisred23,2026-09-04T19:01:05Z,False,Valid* (Late for 1 match),10,0,0,0,0-3,0-2,0,1-1,TBD,0,2-1,TBD,0,2-2,TBD,0,1-1,TBD,0,5-1,TBD,0,1-2,TBD,0,1-3,TBD,0,1-2,TBD,0,1-2,TBD,0
Ugwae-VDUthvfLBn-QR4AaABAg,@dominictyler1766,http://www.youtube.com/@dominictyler1766,2026-09-04T19:00:38Z,False,Valid* (Late for 1 match),10,0,0,0,0-3,0-2,0,1-0,TBD,0,1-1,TBD,0,1-2,TBD,0,0-0,TBD,0,4-0,TBD,0,3-0,TBD,0,1-0,TBD,0,0-2,TBD,0,1-1,TBD,0
UgzxSqe0lu6bzDdz-S94AaABAg,@BerkeGunal,http://www.youtube.com/@BerkeGunal,2026-09-04T18:59:51Z,False,Valid,10,0,1,1,1-3,0-2,1,1-1,TBD,0,0-3,TBD,0,2-1,TBD,0,2-2,TBD,0,4-1,TBD,0,0-2,TBD,0,1-0,TBD,0,2-3,TBD,0,3-0,TBD,0
Ugz25APoOBVBvw_gbf54AaABAg,@Kaiboi111,http://www.youtube.com/@Kaiboi111,2026-09-04T18:59:38Z,False,Valid,10,0,0,0,2-1,0-2,0,3-1,TBD,0,2-0,TBD,0,1-0,TBD,0,1-1,TBD,0,4-0,TBD,0,2-0,TBD,0,1-0,TBD,0,0-3,TBD,0,2-1,TBD,0
UgzUn2WSqXKu5qOIJm94AaABAg,@Nastaranjafarharasi,http://www.youtube.com/@Nastaranjafarharasi,2026-09-04T18:58:17Z,False,Valid,10,0,1,1,1-2,0-2,1,2-1,TBD,0,2-1,TBD,0,2-0,TBD,0,1-0,TBD,0,1-0,TBD,0,2-2,TBD,0,0-1,TBD,0,1-2,TBD,0,2-0,TBD,0
UgyLtiDQgC8FtI8WCAl4AaABAg,@aposapocalypse7117,http://www.youtube.com/@aposapocalypse7117,2026-09-04T18:58:00Z,False,Valid,10,1,0,3,0-2,0-2,3,1-1,TBD,0,3-0,TBD,0,0-1,TBD,0,2-1,TBD,0,4-0,TBD,0,1-0,TBD,0,0-0,TBD,0,1-3,TBD,0,3-1,TBD,0
Ugwi3WUUFMZdE0H7DZR4AaABAg,@angelanariba2290,http://www.youtube.com/@angelanariba2290,2026-09-04T18:57:58Z,False,Valid,10,0,1,1,1-4,0-2,1,2-1,TBD,0,2-2,TBD,0,1-2,TBD,0,2-1,TBD,0,4-0,TBD,0,1-1,TBD,0,1-0,TBD,0,1-3,TBD,0,2-2,TBD,0
Ugx6Xch_G7Kjamc8bf14AaABAg,@Naik_Jr,http://www.youtube.com/@Naik_Jr,2026-09-04T18:57:54Z,False,Valid,10,0,1,1,0-3,0-2,1,1-1,TBD,0,3-1,TBD,0,2-0,TBD,0,2-1,TBD,0,6-0,TBD,0,3-1,TBD,0,2-3,TBD,0,1-2,TBD,0,1-1,TBD,0
UgxwNRGfqmLwx2We-tV4AaABAg,@WMSFAN205,http://www.youtube.com/@WMSFAN205,2026-09-04T18:57:11Z,False,Valid,10,0,1,1,1-3,0-2,1,1-1,TBD,0,2-0,TBD,0,3-3,TBD,0,0-0,TBD,0,7-0,TBD,0,2-0,TBD,0,1-2,TBD,0,0-1,TBD,0,2-2,TBD,0
Ugw4STh6llrpr53gm_d4AaABAg,@cologga,http://www.youtube.com/@cologga,2026-09-04T18:56:54Z,False,Valid,10,0,1,1,1-3,0-2,1,2-0,TBD,0,3-2,TBD,0,2-1,TBD,0,1-2,TBD,0,4-0,TBD,0,2-0,TBD,0,1-2,TBD,0,1-3,TBD,0,2-1,TBD,0
Ugy3fytvOFVHKWuDlQJ4AaABAg,@cameronsmith5233,http://www.youtube.com/@cameronsmith5233,2026-09-04T18:56:30Z,False,Valid,10,0,1,1,1-2,0-2,1,2-2,TBD,0,3-1,TBD,0,1-0,TBD,0,2-0,TBD,0,4-0,TBD,0,2-1,TBD,0,2-0,TBD,0,3-3,TBD,0,1-0,TBD,0
UgxAXw6olX6OXbj24Wd4AaABAg,@OliverJones-o1d,http://www.youtube.com/@OliverJones-o1d,2026-09-04T18:56:02Z,False,Valid,10,0,0,0,1-1,0-2,0,1-1,TBD,0,2-0,TBD,0,1-0,TBD,0,1-1,TBD,0,4-1,TBD,0,2-1,TBD,0,0-0,TBD,0,3-1,TBD,0,2-1,TBD,0
UgwpqyXt5IOcIhPLt7J4AaABAg,@anthonyvaladez2941,http://www.youtube.com/@anthonyvaladez2941,2026-09-04T18:55:15Z,False,Valid,10,0,0,0,2-2,0-2,0,1-2,TBD,0,2-0,TBD,0,1-1,TBD,0,3-2,TBD,0,2-1,TBD,0,4-1,TBD,0,2-0,TBD,0,2-2,TBD,0,3-1,TBD,0
UgyOafVi9IsXVxwVUlZ4AaABAg,@theastonvillaseal585,http://www.youtube.com/@theastonvillaseal585,2026-09-04T18:54:16Z,False,Valid,10,1,0,3,0-2,0-2,3,1-1,TBD,0,1-0,TBD,0,2-1,TBD,0,1-0,TBD,0,3-0,TBD,0,2-1,TBD,0,0-2,TBD,0,1-1,TBD,0,2-2,TBD,0
Ugy2WpvKuL2A8KdYn8x4AaABAg,@VibeDrift-k7t,http://www.youtube.com/@VibeDrift-k7t,2026-09-04T18:54:13Z,False,Valid,10,0,1,1,2-3,0-2,1,2-1,TBD,0,2-0,TBD,0,1-1,TBD,0,2-1,TBD,0,4-0,TBD,0,1-1,TBD,0,0-1,TBD,0,1-2,TBD,0,2-1,TBD,0
UgwIYj_wh1Szr8opSBB4AaABAg,@MrYeet-kv3wj,http://www.youtube.com/@MrYeet-kv3wj,2026-09-04T18:52:35Z,False,Valid,10,0,1,1,1-6,0-2,1,0-1,TBD,0,1-0,TBD,0,3-0,TBD,0,1-2,TBD,0,2-0,TBD,0,2-0,TBD,0,0-1,TBD,0,0-2,TBD,0,3-1,TBD,0
UgwORIdZ56mFs-lttGR4AaABAg,@jairot4462,http://www.youtube.com/@jairot4462,2026-09-04T18:52:31Z,False,Valid,10,0,1,1,1-3,0-2,1,2-1,TBD,0,2-0,TBD,0,3-2,TBD,0,1-1,TBD,0,4-0,TBD,0,2-0,TBD,0,1-0,TBD,0,0-0,TBD,0,3-2,TBD,0
UgyqUPFsBxl0lOTXIch4AaABAg,@DJK0704,http://www.youtube.com/@DJK0704,2026-09-04T18:52:01Z,False,Valid,10,0,1,1,1-3,0-2,1,2-1,TBD,0,1-0,TBD,0,2-3,TBD,0,1-1,TBD,0,4-0,TBD,0,2-2,TBD,0,0-1,TBD,0,0-2,TBD,0,3-2,TBD,0
UgypEShZkr7WEUoX_at4AaABAg,@kalebseiffu6781,http://www.youtube.com/@kalebseiffu6781,2026-09-04T18:51:15Z,False,Valid,10,0,1,1,1-3,0-2,1,1-1,TBD,0,2-0,TBD,0,2-2,TBD,0,0-0,TBD,0,3-0,TBD,0,1-0,TBD,0,1-1,TBD,0,0-1,TBD,0,2-2,TBD,0
UgwoZAnR6V26ohMJqUZ4AaABAg,@PepechuxD,http://www.youtube.com/@PepechuxD,2026-09-04T18:49:31Z,False,Valid,9,0,1,1,1-3,0-2,1,3-2,TBD,0,2-1,TBD,0,2-2,TBD,0,1-2,TBD,0,4-1,TBD,0,3-0,TBD,0,1-3,TBD,0,N/A,TBD,0,2-1,TBD,0
Ugyybeam2BBkj8BCD3B4AaABAg,@SmokeAsh0604,http://www.youtube.com/@SmokeAsh0604,2026-09-04T18:49:21Z,False,Valid,10,0,1,1,0-3,0-2,1,1-1,TBD,0,3-1,TBD,0,2-0,TBD,0,1-2,TBD,0,4-1,TBD,0,1-1,TBD,0,0-2,TBD,0,1-2,TBD,0,1-0,TBD,0
UgwuRJe8LjMz0c_W4x14AaABAg,@kstktoochill,http://www.youtube.com/@kstktoochill,2026-09-04T18:49:05Z,True,Disqualified (Comment was Edited),10,0,0,0,1-4,0-2,0,2-1,TBD,0,3-1,TBD,0,3-1,TBD,0,1-1,TBD,0,4-0,TBD,0,2-2,TBD,0,1-2,TBD,0,1-3,TBD,0,3-2,TBD,0
UgxoVOrkUHzJieEKSFp4AaABAg,@lucio534,http://www.youtube.com/@lucio534,2026-09-04T18:48:34Z,False,Valid,10,0,1,1,1-3,0-2,1,3-2,TBD,0,3-1,TBD,0,1-1,TBD,0,2-0,TBD,0,5-1,TBD,0,3-1,TBD,0,1-1,TBD,0,2-2,TBD,0,2-1,TBD,0
UgzPJXul5cUZOitsHYJ4AaABAg,@Kam08-r5u,http://www.youtube.com/@Kam08-r5u,2026-09-04T18:48:25Z,False,Valid,10,0,1,1,1-2,0-2,1,1-0,TBD,0,2-0,TBD,0,2-1,TBD,0,1-0,TBD,0,4-0,TBD,0,2-0,TBD,0,0-0,TBD,0,2-2,TBD,0,2-1,TBD,0
UgwmoP2i6PzFWv1efcV4AaABAg,@neilmandimika6142,http://www.youtube.com/@neilmandimika6142,2026-09-04T18:47:30Z,False,Valid,9,0,1,1,1-3,0-2,1,2-1,TBD,0,1-1,TBD,0,3-1,TBD,0,2-0,TBD,0,5-0,TBD,0,2-1,TBD,0,N/A,TBD,0,0-2,TBD,0,1-3,TBD,0
UgxpUAigBp3Nb5Nvi3F4AaABAg,@B6Ben,http://www.youtube.com/@B6Ben,2026-09-04T18:47:29Z,False,Valid,10,1,0,3,0-2,0-2,3,1-1,TBD,0,3-0,TBD,0,2-1,TBD,0,0-2,TBD,0,5-0,TBD,0,4-2,TBD,0,0-0,TBD,0,1-0,TBD,0,3-1,TBD,0
UgyP59He7nDpKbHVvxV4AaABAg,@HangZhoulo,http://www.youtube.com/@HangZhoulo,2026-09-04T18:46:58Z,False,Valid,10,0,1,1,0-3,0-2,1,2-1,TBD,0,1-0,TBD,0,1-2,TBD,0,2-2,TBD,0,4-0,TBD,0,2-1,TBD,0,1-3,TBD,0,2-1,TBD,0,1-1,TBD,0
UgzpdR3zjweT0XPLLRd4AaABAg,@SidHappensT.T,http://www.youtube.com/@SidHappensT.T,2026-09-04T18:46:51Z,False,Valid,10,0,1,1,1-4,0-2,1,1-1,TBD,0,2-1,TBD,0,0-2,TBD,0,0-1,TBD,0,3-0,TBD,0,0-1,TBD,0,1-2,TBD,0,1-1,TBD,0,1-1,TBD,0
UgyQLOLsAKs-7nrGlNt4AaABAg,@dougie776rt,http://www.youtube.com/@dougie776rt,2026-09-04T18:46:45Z,False,Valid,10,0,1,1,1-3,0-2,1,2-2,TBD,0,2-0,TBD,0,1-1,TBD,0,1-2,TBD,0,4-0,TBD,0,3-0,TBD,0,1-1,TBD,0,2-1,TBD,0,2-0,TBD,0
UgycB-9BL8CpAh0Pcr14AaABAg,@kittyzoomby,http://www.youtube.com/@kittyzoomby,2026-09-04T18:45:35Z,False,Valid,10,0,1,1,2-3,0-2,1,2-2,TBD,0,1-1,TBD,0,2-0,TBD,0,0-1,TBD,0,5-0,TBD,0,4-2,TBD,0,1-3,TBD,0,1-2,TBD,0,2-1,TBD,0
Ugw5ksD4qsC7out2pgx4AaABAg,@willharvison3898,http://www.youtube.com/@willharvison3898,2026-09-04T18:45:29Z,False,Valid,10,1,0,3,0-2,0-2,3,1-1,TBD,0,2-2,TBD,0,3-1,TBD,0,1-0,TBD,0,5-0,TBD,0,3-1,TBD,0,0-1,TBD,0,1-2,TBD,0,2-2,TBD,0
Ugz9pQ-AVBTPYDKUCPJ4AaABAg,@lorenzomartinez8543,http://www.youtube.com/@lorenzomartinez8543,2026-09-04T18:44:41Z,False,Valid,10,0,1,1,0-4,0-2,1,1-2,TBD,0,2-1,TBD,0,3-1,TBD,0,2-1,TBD,0,4-0,TBD,0,1-0,TBD,0,0-2,TBD,0,1-3,TBD,0,1-0,TBD,0
UgzFhADMXjQlRJGThxB4AaABAg,@teetow2153,http://www.youtube.com/@teetow2153,2026-09-04T18:44:09Z,False,Valid,10,0,1,1,2-3,0-2,1,3-2,TBD,0,3-1,TBD,0,3-2,TBD,0,1-2,TBD,0,4-1,TBD,0,1-2,TBD,0,1-3,TBD,0,1-3,TBD,0,2-2,TBD,0
UgxYECsXC5gQNP-oyxd4AaABAg,@Lord_of_the_Pudding,http://www.youtube.com/@Lord_of_the_Pudding,2026-09-04T18:43:56Z,False,Valid,10,0,1,1,1-3,0-2,1,1-1,TBD,0,2-0,TBD,0,2-0,TBD,0,0-1,TBD,0,5-0,TBD,0,2-0,TBD,0,0-1,TBD,0,1-2,TBD,0,3-2,TBD,0
Ugx-VmF4IQPe9F2zz8F4AaABAg,@janvragolovic8565,http://www.youtube.com/@janvragolovic8565,2026-09-04T18:43:46Z,False,Valid,10,0,1,1,0-1,0-2,1,1-1,TBD,0,3-1,TBD,0,1-1,TBD,0,1-1,TBD,0,3-0,TBD,0,1-1,TBD,0,0-1,TBD,0,1-1,TBD,0,1-0,TBD,0
Ugwhpad091vWOeCaxF14AaABAg,@Wondersoc,http://www.youtube.com/@Wondersoc,2026-09-04T18:42:14Z,False,Valid,10,0,0,0,2-2,0-2,0,1-2,TBD,0,3-0,TBD,0,0-1,TBD,0,2-2,TBD,0,5-1,TBD,0,1-1,TBD,0,2-1,TBD,0,1-3,TBD,0,2-1,TBD,0
UgwNZ9u0VMjxZNYDvHV4AaABAg,@tmoney7280,http://www.youtube.com/@tmoney7280,2026-09-04T18:42:07Z,False,Valid,10,0,1,1,1-2,0-2,1,2-2,TBD,0,1-0,TBD,0,3-1,TBD,0,1-1,TBD,0,4-0,TBD,0,2-0,TBD,0,0-1,TBD,0,1-3,TBD,0,2-1,TBD,0
UgzkHcfwIG_h814IGld4AaABAg,@dudeacus1,http://www.youtube.com/@dudeacus1,2026-09-04T18:41:38Z,False,Valid,10,0,1,1,0-3,0-2,1,2-2,TBD,0,2-1,TBD,0,1-1,TBD,0,2-0,TBD,0,4-1,TBD,0,3-0,TBD,0,1-2,TBD,0,2-2,TBD,0,3-1,TBD,0
Ugzx1kWWaoljnVrQawh4AaABAg,@shanematthews-ng6oe,http://www.youtube.com/@shanematthews-ng6oe,2026-09-04T18:41:32Z,False,Valid,10,0,1,1,0-1,0-2,1,2-1,TBD,0,2-0,TBD,0,1-1,TBD,0,2-0,TBD,0,3-1,TBD,0,3-2,TBD,0,1-3,TBD,0,0-2,TBD,0,2-1,TBD,0
Ugwb6O_cvlDPOI4TF7N4AaABAg,@aryanomsharma07,http://www.youtube.com/@aryanomsharma07,2026-09-04T18:41:23Z,False,Valid,10,1,0,3,0-2,0-2,3,2-1,TBD,0,2-0,TBD,0,1-1,TBD,0,1-1,TBD,0,4-0,TBD,0,2-1,TBD,0,0-1,TBD,0,2-2,TBD,0,3-2,TBD,0
UgyAo82ri8wPqF4mETp4AaABAg,@Nathan._.0403,http://www.youtube.com/@Nathan._.0403,2026-09-04T18:41:22Z,False,Valid,10,0,1,1,1-3,0-2,1,0-1,TBD,0,3-1,TBD,0,2-2,TBD,0,1-1,TBD,0,5-1,TBD,0,0-3,TBD,0,1-0,TBD,0,0-2,TBD,0,1-2,TBD,0
UgwZAW6lpl2iHdsW1aF4AaABAg,@Omar_18AFC,http://www.youtube.com/@Omar_18AFC,2026-09-04T18:41:19Z,False,Valid,10,0,1,1,1-2,0-2,1,1-1,TBD,0,2-0,TBD,0,2-1,TBD,0,1-2,TBD,0,4-0,TBD,0,2-0,TBD,0,1-1,TBD,0,1-1,TBD,0,3-1,TBD,0
UgwjVw3o6hsrNEh4Upl4AaABAg,@franktheflamingo5466,http://www.youtube.com/@franktheflamingo5466,2026-09-04T18:41:15Z,False,Valid,10,0,1,1,1-3,0-2,1,3-3,TBD,0,2-1,TBD,0,4-2,TBD,0,2-1,TBD,0,4-0,TBD,0,1-1,TBD,0,1-0,TBD,0,2-1,TBD,0,2-0,TBD,0
Ugxppfnyi7F6fJdYT4F4AaABAg,@reecetheblack8901,http://www.youtube.com/@reecetheblack8901,2026-09-04T18:39:46Z,False,Valid,10,0,1,1,1-3,0-2,1,2-2,TBD,0,2-0,TBD,0,0-0,TBD,0,1-0,TBD,0,5-0,TBD,0,2-1,TBD,0,1-1,TBD,0,0-3,TBD,0,1-2,TBD,0
UgyQSzNbJkVVluw_mn54AaABAg,@ibrahimkolawole5568,http://www.youtube.com/@ibrahimkolawole5568,2026-09-04T18:39:37Z,False,Valid,10,0,1,1,1-2,0-2,1,2-1,TBD,0,2-0,TBD,0,2-2,TBD,0,1-2,TBD,0,5-1,TBD,0,3-1,TBD,0,1-1,TBD,0,2-1,TBD,0,2-2,TBD,0
UgyZx8Y3g_ri3g-l4TR4AaABAg,@ramii0_0,http://www.youtube.com/@ramii0_0,2026-09-04T18:38:58Z,False,Valid,10,0,1,1,0-3,0-2,1,2-2,TBD,0,2-1,TBD,0,0-2,TBD,0,1-1,TBD,0,4-0,TBD,0,1-1,TBD,0,1-0,TBD,0,1-2,TBD,0,1-2,TBD,0
Ugz_ssgrXXli2p5hgVF4AaABAg,@nyendwakabayi3323,http://www.youtube.com/@nyendwakabayi3323,2026-09-04T18:38:40Z,False,Valid,10,0,1,1,0-3,0-2,1,2-1,TBD,0,2-0,TBD,0,1-0,TBD,0,2-1,TBD,0,4-0,TBD,0,0-1,TBD,0,0-1,TBD,0,1-3,TBD,0,2-3,TBD,0
Ugxz3VtvemCw0xbRe7N4AaABAg,@ljrsavage6612,http://www.youtube.com/@ljrsavage6612,2026-09-04T18:38:27Z,False,Valid,10,0,1,1,1-2,0-2,1,2-1,TBD,0,1-1,TBD,0,2-0,TBD,0,0-0,TBD,0,4-1,TBD,0,1-0,TBD,0,3-2,TBD,0,1-3,TBD,0,2-2,TBD,0
UgyOTCrFuoIV3ACTBqh4AaABAg,@ExoticalOfficial,http://www.youtube.com/@ExoticalOfficial,2026-09-04T18:38:00Z,False,Valid,10,0,0,0,2-2,0-2,0,1-0,TBD,0,2-1,TBD,0,2-0,TBD,0,1-0,TBD,0,4-0,TBD,0,3-1,TBD,0,0-1,TBD,0,1-0,TBD,0,2-1,TBD,0
UgyXhwxNn3_NmvW_Xwp4AaABAg,@thvo5835,http://www.youtube.com/@thvo5835,2026-09-04T18:37:50Z,False,Valid,10,1,0,3,0-2,0-2,3,2-1,TBD,0,0-1,TBD,0,1-0,TBD,0,3-1,TBD,0,2-0,TBD,0,3-2,TBD,0,1-2,TBD,0,1-1,TBD,0,1-0,TBD,0
UgyPNAegU069VecM08x4AaABAg,@jcawa-23,http://www.youtube.com/@jcawa-23,2026-09-04T18:37:33Z,False,Valid,10,0,1,1,1-2,0-2,1,2-0,TBD,0,3-1,TBD,0,2-0,TBD,0,1-1,TBD,0,5-2,TBD,0,1-0,TBD,0,2-2,TBD,0,1-1,TBD,0,3-2,TBD,0
UgyeEgdU7iSXMT3_KeV4AaABAg,@NathanielCarpenter-g2y,http://www.youtube.com/@NathanielCarpenter-g2y,2026-09-04T18:37:19Z,False,Valid,10,0,1,1,1-4,0-2,1,1-1,TBD,0,2-0,TBD,0,0-0,TBD,0,1-1,TBD,0,3-0,TBD,0,2-0,TBD,0,1-0,TBD,0,2-1,TBD,0,2-2,TBD,0
UgyGYF9g0jinWJyaVMt4AaABAg,@AriaWand-u9f,http://www.youtube.com/@AriaWand-u9f,2026-09-04T18:37:04Z,False,Valid,9,0,1,1,1-2,0-2,1,2-1,TBD,0,1-0,TBD,0,2-0,TBD,0,1-2,TBD,0,3-0,TBD,0,2-1,TBD,0,2-1,TBD,0,N/A,TBD,0,3-1,TBD,0
UgyPD8UYc0IwDbmnYIx4AaABAg,@conquer3539,http://www.youtube.com/@conquer3539,2026-09-04T18:36:45Z,False,Valid,10,0,1,1,0-3,0-2,1,2-1,TBD,0,2-0,TBD,0,3-2,TBD,0,1-1,TBD,0,5-0,TBD,0,2-0,TBD,0,0-1,TBD,0,1-1,TBD,0,2-2,TBD,0
UgyNWPGCDFWd_mwBJNl4AaABAg,@Thommey27749,http://www.youtube.com/@Thommey27749,2026-09-04T18:36:35Z,False,Valid,10,1,0,3,0-2,0-2,3,1-1,TBD,0,2-1,TBD,0,1-1,TBD,0,2-0,TBD,0,3-0,TBD,0,2-0,TBD,0,1-0,TBD,0,0-3,TBD,0,1-2,TBD,0
UgzQDBAGhxupSi-s9Vp4AaABAg,@travismanning224,http://www.youtube.com/@travismanning224,2026-09-04T18:36:32Z,False,Valid,10,1,0,3,0-2,0-2,3,0-0,TBD,0,1-0,TBD,0,0-0,TBD,0,0-2,TBD,0,1-0,TBD,0,1-1,TBD,0,0-1,TBD,0,1-3,TBD,0,1-1,TBD,0
UgwuAYNqKSEWjCQSqw14AaABAg,@eliashaugenberg5879,http://www.youtube.com/@eliashaugenberg5879,2026-09-04T18:35:57Z,False,Valid,9,0,1,1,1-4,0-2,1,2-0,TBD,0,2-2,TBD,0,2-0,TBD,0,1-1,TBD,0,5-1,TBD,0,N/A,TBD,0,1-2,TBD,0,1-2,TBD,0,2-2,TBD,0
Ugy4ZwrkLZtLjdOR0kV4AaABAg,@williamkirksey1669,http://www.youtube.com/@williamkirksey1669,2026-09-04T18:35:32Z,False,Valid,9,0,1,1,1-2,0-2,1,2-2,TBD,0,2-0,TBD,0,3-1,TBD,0,N/A,TBD,0,4-1,TBD,0,1-2,TBD,0,1-1,TBD,0,1-2,TBD,0,1-1,TBD,0
Ugxy7MI-hOWJ1tU8aq94AaABAg,@Maidrhap,http://www.youtube.com/@Maidrhap,2026-09-04T18:35:31Z,False,Valid,10,0,1,1,2-3,0-2,1,2-0,TBD,0,2-1,TBD,0,2-1,TBD,0,1-1,TBD,0,5-0,TBD,0,3-1,TBD,0,2-1,TBD,0,2-3,TBD,0,3-1,TBD,0
UgzTR9_kdVfPljOun9V4AaABAg,@MylerKurray,http://www.youtube.com/@MylerKurray,2026-09-04T18:35:02Z,False,Valid,10,0,1,1,1-4,0-2,1,2-3,TBD,0,2-1,TBD,0,0-2,TBD,0,1-1,TBD,0,6-0,TBD,0,0-0,TBD,0,1-0,TBD,0,1-1,TBD,0,2-2,TBD,0
UgxJGtg-mO8te8hXKSh4AaABAg,@SarimQazi-ut1zr,http://www.youtube.com/@SarimQazi-ut1zr,2026-09-04T18:34:50Z,False,Valid,8,1,0,3,0-2,0-2,3,1-1,TBD,0,2-0,TBD,0,N/A,TBD,0,0-0,TBD,0,3-0,TBD,0,N/A,TBD,0,2-0,TBD,0,0-1,TBD,0,3-1,TBD,0
UgwHqf3a1dXDKVcnZbB4AaABAg,@wormy67,http://www.youtube.com/@wormy67,2026-09-04T18:34:49Z,False,Valid,10,0,1,1,1-2,0-2,1,1-1,TBD,0,2-0,TBD,0,0-0,TBD,0,1-1,TBD,0,5-0,TBD,0,2-1,TBD,0,1-2,TBD,0,1-3,TBD,0,2-2,TBD,0
UgxnWMFAtDdpmLbf4YR4AaABAg,@leejohnmwadime3205,http://www.youtube.com/@leejohnmwadime3205,2026-09-04T18:33:53Z,False,Valid,9,0,1,1,1-3,0-2,1,2-1,TBD,0,2-0,TBD,0,N/A,TBD,0,1-2,TBD,0,5-0,TBD,0,2-1,TBD,0,1-1,TBD,0,2-2,TBD,0,2-2,TBD,0
Ugy-j7eoH9YvIxiRVzV4AaABAg,@AaravShukla-v4q,http://www.youtube.com/@AaravShukla-v4q,2026-09-04T18:33:41Z,False,Valid,10,1,0,3,0-2,0-2,3,1-1,TBD,0,3-1,TBD,0,2-2,TBD,0,3-1,TBD,0,6-0,TBD,0,1-1,TBD,0,2-2,TBD,0,1-3,TBD,0,2-2,TBD,0
UgxFS_Jxq23RKp4TrOF4AaABAg,@28thJanuary2o17,http://www.youtube.com/@28thJanuary2o17,2026-09-04T18:33:01Z,False,Valid,10,0,0,0,2-1,0-2,0,2-2,TBD,0,2-1,TBD,0,3-1,TBD,0,2-0,TBD,0,3-0,TBD,0,2-0,TBD,0,1-0,TBD,0,2-1,TBD,0,2-2,TBD,0
UgwakeGxCL_fZiu9w1F4AaABAg,@agustinriestra9594,http://www.youtube.com/@agustinriestra9594,2026-09-04T18:32:39Z,False,Valid,10,0,1,1,1-3,0-2,1,2-1,TBD,0,2-1,TBD,0,1-1,TBD,0,1-1,TBD,0,3-0,TBD,0,2-2,TBD,0,1-1,TBD,0,1-3,TBD,0,2-1,TBD,0
UgyDS-8qmmFxY1tm4E54AaABAg,@RyanH2005,http://www.youtube.com/@RyanH2005,2026-09-04T18:32:21Z,False,Valid,10,0,1,1,1-2,0-2,1,2-1,TBD,0,1-1,TBD,0,2-1,TBD,0,1-1,TBD,0,4-0,TBD,0,2-1,TBD,0,1-1,TBD,0,1-2,TBD,0,2-2,TBD,0
UgwQADpyctpnMIDQAy14AaABAg,@zods-os2eb,http://www.youtube.com/@zods-os2eb,2026-09-04T18:32:12Z,False,Valid,10,1,0,3,0-2,0-2,3,1-1,TBD,0,3-3,TBD,0,0-2,TBD,0,1-1,TBD,0,4-0,TBD,0,2-1,TBD,0,0-1,TBD,0,2-2,TBD,0,1-0,TBD,0
Ugz6MVJiMFFEkuSzIWt4AaABAg,@Filip_games_real,http://www.youtube.com/@Filip_games_real,2026-09-04T18:31:44Z,False,Valid,10,0,1,1,1-3,0-2,1,2-1,TBD,0,2-2,TBD,0,2-0,TBD,0,1-2,TBD,0,5-1,TBD,0,2-1,TBD,0,1-2,TBD,0,2-3,TBD,0,3-2,TBD,0
Ugwx29YG5g_Kgjrs9Ml4AaABAg,@ScotchNCigar,http://www.youtube.com/@ScotchNCigar,2026-09-04T18:31:40Z,False,Valid,10,0,1,1,1-3,0-2,1,2-1,TBD,0,2-0,TBD,0,2-1,TBD,0,2-0,TBD,0,4-0,TBD,0,2-3,TBD,0,1-0,TBD,0,1-1,TBD,0,2-2,TBD,0
Ugzb2gBKBvsGBBFVSzt4AaABAg,@lfaz7,http://www.youtube.com/@lfaz7,2026-09-04T18:31:35Z,False,Valid,10,1,0,3,0-2,0-2,3,1-1,TBD,0,2-0,TBD,0,0-1,TBD,0,0-0,TBD,0,3-0,TBD,0,1-0,TBD,0,2-2,TBD,0,0-2,TBD,0,1-0,TBD,0
UgyvyDsdvrIkcefu-IZ4AaABAg,@Prod.Dizzy0nz,http://www.youtube.com/@Prod.Dizzy0nz,2026-09-04T18:31:24Z,False,Valid,10,0,1,1,0-3,0-2,1,1-0,TBD,0,2-0,TBD,0,2-1,TBD,0,1-1,TBD,0,4-1,TBD,0,2-2,TBD,0,1-3,TBD,0,1-2,TBD,0,0-0,TBD,0
UgzJYnObqf_Nf7ewuMh4AaABAg,@manguy3135,http://www.youtube.com/@manguy3135,2026-09-04T18:30:53Z,True,Disqualified (Comment was Edited),9,0,0,0,0-2,0-2,0,0-0,TBD,0,1-2,TBD,0,N/A,TBD,0,1-1,TBD,0,5-1,TBD,0,1-1,TBD,0,2-2,TBD,0,0-1,TBD,0,0-1,TBD,0
Ugynrujr7Wm-Y1xLAvF4AaABAg,@NZ_COYS_SPURS,http://www.youtube.com/@NZ_COYS_SPURS,2026-09-04T18:30:40Z,False,Valid,8,0,1,1,1-3,0-2,1,2-1,TBD,0,N/A,TBD,0,3-2,TBD,0,2-1,TBD,0,4-1,TBD,0,1-2,TBD,0,N/A,TBD,0,1-2,TBD,0,2-2,TBD,0
UgwhaDCn9Tm63UermSp4AaABAg,@TheFinalHoss,http://www.youtube.com/@TheFinalHoss,2026-09-04T18:30:38Z,False,Valid,10,0,1,1,1-2,0-2,1,2-1,TBD,0,1-0,TBD,0,2-0,TBD,0,1-1,TBD,0,5-0,TBD,0,2-2,TBD,0,1-0,TBD,0,1-3,TBD,0,1-1,TBD,0
Ugw8Q_aAX8NeoS8SJU14AaABAg,@michaelscott107,http://www.youtube.com/@michaelscott107,2026-09-04T18:30:10Z,False,Valid,10,0,1,1,1-3,0-2,1,2-0,TBD,0,1-1,TBD,0,3-1,TBD,0,3-0,TBD,0,2-1,TBD,0,0-1,TBD,0,1-1,TBD,0,1-0,TBD,0,1-2,TBD,0
Ugx_OroeRrA0nHUst3B4AaABAg,@dr4wd348,http://www.youtube.com/@dr4wd348,2026-09-04T18:29:52Z,False,Valid,10,0,0,0,1-1,0-2,0,3-0,TBD,0,1-0,TBD,0,3-3,TBD,0,0-1,TBD,0,5-2,TBD,0,2-0,TBD,0,0-2,TBD,0,0-3,TBD,0,3-0,TBD,0
Ugz5fOptN-wwo-wJU0V4AaABAg,@pawaratharva6371,http://www.youtube.com/@pawaratharva6371,2026-09-04T18:29:28Z,False,Valid,10,0,1,1,1-3,0-2,1,2-2,TBD,0,2-1,TBD,0,1-1,TBD,0,2-1,TBD,0,4-0,TBD,0,0-2,TBD,0,1-2,TBD,0,1-2,TBD,0,3-1,TBD,0
UgxDeYzsZz6hlYMdwAp4AaABAg,@anmaroud9813,http://www.youtube.com/@anmaroud9813,2026-09-04T18:29:26Z,False,Valid,10,0,1,1,1-2,0-2,1,2-0,TBD,0,3-2,TBD,0,2-2,TBD,0,0-0,TBD,0,4-0,TBD,0,3-3,TBD,0,0-2,TBD,0,1-1,TBD,0,1-0,TBD,0
UgwLMXA7gd9fbYStmPB4AaABAg,@lilpeth67,http://www.youtube.com/@lilpeth67,2026-09-04T18:29:22Z,True,Disqualified (Comment was Edited),10,0,0,0,1-3,0-2,0,1-0,TBD,0,3-2,TBD,0,1-2,TBD,0,2-2,TBD,0,4-0,TBD,0,1-1,TBD,0,2-3,TBD,0,1-1,TBD,0,1-1,TBD,0
Ugy3RUon51DX_-hYeYR4AaABAg,@Superpikmin64,http://www.youtube.com/@Superpikmin64,2026-09-04T18:29:13Z,False,Valid,10,0,1,1,1-2,0-2,1,2-2,TBD,0,3-2,TBD,0,1-1,TBD,0,0-0,TBD,0,3-1,TBD,0,1-1,TBD,0,2-0,TBD,0,0-2,TBD,0,2-0,TBD,0
UgwybqEASr9WG5nUpAd4AaABAg,@Pedro-st3pg,http://www.youtube.com/@Pedro-st3pg,2026-09-04T18:27:35Z,False,Valid,10,0,1,1,1-2,0-2,1,1-1,TBD,0,2-1,TBD,0,2-0,TBD,0,1-0,TBD,0,4-0,TBD,0,2-3,TBD,0,2-2,TBD,0,1-1,TBD,0,2-1,TBD,0
UgxUtqbHVqzUk3duI414AaABAg,@ratonul260,http://www.youtube.com/@ratonul260,2026-09-04T18:27:33Z,False,Valid,9,1,0,3,0-2,0-2,3,2-1,TBD,0,2-0,TBD,0,3-1,TBD,0,1-1,TBD,0,4-0,TBD,0,N/A,TBD,0,0-0,TBD,0,1-1,TBD,0,2-2,TBD,0
Ugzg28HZUmiVd0phBAV4AaABAg,@Lilleh__,http://www.youtube.com/@Lilleh__,2026-09-04T18:27:26Z,False,Valid,10,0,1,1,1-2,0-2,1,2-1,TBD,0,2-0,TBD,0,1-1,TBD,0,0-0,TBD,0,4-0,TBD,0,2-2,TBD,0,1-2,TBD,0,0-2,TBD,0,1-1,TBD,0
UgytHFiMDFImozzg_EJ4AaABAg,@jackknowler6651,http://www.youtube.com/@jackknowler6651,2026-09-04T18:27:14Z,False,Valid,9,0,1,1,1-3,0-2,1,3-1,TBD,0,2-0,TBD,0,1-1,TBD,0,1-0,TBD,0,4-1,TBD,0,2-0,TBD,0,1-2,TBD,0,N/A,TBD,0,1-0,TBD,0
UgxFsH8pxcY_m5endsB4AaABAg,@spongeguybridankia8735,http://www.youtube.com/@spongeguybridankia8735,2026-09-04T18:27:14Z,False,Valid,10,0,1,1,1-2,0-2,1,2-3,TBD,0,2-0,TBD,0,1-1,TBD,0,1-1,TBD,0,4-0,TBD,0,2-1,TBD,0,1-2,TBD,0,1-1,TBD,0,2-3,TBD,0
UgwyX-Qk6BxEoBo-0C14AaABAg,@jfigueroaist,http://www.youtube.com/@jfigueroaist,2026-09-04T18:26:49Z,False,Valid,10,0,1,1,1-3,0-2,1,1-1,TBD,0,2-1,TBD,0,2-2,TBD,0,1-1,TBD,0,3-0,TBD,0,2-1,TBD,0,1-1,TBD,0,2-1,TBD,0,2-2,TBD,0
Ugy8zlLDS9fowQy8oQt4AaABAg,@dkstinson3011,http://www.youtube.com/@dkstinson3011,2026-09-04T18:26:44Z,False,Valid,10,0,1,1,0-3,0-2,1,1-1,TBD,0,3-0,TBD,0,2-2,TBD,0,1-2,TBD,0,5-0,TBD,0,0-1,TBD,0,0-2,TBD,0,1-2,TBD,0,2-0,TBD,0
UgwdjcNnnmgGCnYHFih4AaABAg,@UltraMLPMMMunetes,http://www.youtube.com/@UltraMLPMMMunetes,2026-09-04T18:26:27Z,False,Valid,10,1,0,3,0-2,0-2,3,3-2,TBD,0,1-0,TBD,0,2-2,TBD,0,1-2,TBD,0,4-0,TBD,0,1-2,TBD,0,1-2,TBD,0,1-3,TBD,0,2-2,TBD,0
Ugwq6JXhFK0Y6ZST0K94AaABAg,@Everything-LiverpoolFC,http://www.youtube.com/@Everything-LiverpoolFC,2026-09-04T18:26:09Z,False,Valid,10,0,1,1,1-2,0-2,1,3-2,TBD,0,2-0,TBD,0,1-1,TBD,0,0-1,TBD,0,4-1,TBD,0,1-1,TBD,0,2-2,TBD,0,1-2,TBD,0,2-1,TBD,0
UgxYzAewSyfmPpIz1OB4AaABAg,@SportsCardsCenter,http://www.youtube.com/@SportsCardsCenter,2026-09-04T18:25:58Z,False,Valid,10,1,0,3,0-2,0-2,3,2-1,TBD,0,1-0,TBD,0,1-2,TBD,0,0-0,TBD,0,4-0,TBD,0,1-1,TBD,0,0-1,TBD,0,2-2,TBD,0,2-2,TBD,0
Ugzfu3x8kGRivq5Pg0Z4AaABAg,@pratyushchandra3354,http://www.youtube.com/@pratyushchandra3354,2026-09-04T18:25:57Z,False,Valid,10,0,0,0,2-2,0-2,0,3-1,TBD,0,2-1,TBD,0,1-1,TBD,0,2-0,TBD,0,4-0,TBD,0,3-0,TBD,0,1-0,TBD,0,1-1,TBD,0,3-2,TBD,0
UgyQDMjR1Rt4e6OKTeJ4AaABAg,@Rambo11500,http://www.youtube.com/@Rambo11500,2026-09-04T18:25:50Z,False,Valid,10,0,1,1,1-3,0-2,1,2-1,TBD,0,2-0,TBD,0,1-1,TBD,0,0-0,TBD,0,4-0,TBD,0,3-0,TBD,0,2-2,TBD,0,1-1,TBD,0,2-1,TBD,0
UgxK0fbUJ3F7IHc3j094AaABAg,@LordEdmund1973,http://www.youtube.com/@LordEdmund1973,2026-09-04T18:25:41Z,False,Valid,10,0,1,1,1-3,0-2,1,2-1,TBD,0,2-0,TBD,0,2-2,TBD,0,3-2,TBD,0,4-0,TBD,0,3-0,TBD,0,1-0,TBD,0,0-2,TBD,0,2-1,TBD,0
UgyKtTFDE-0isskmJVZ4AaABAg,@xpertassassin8178,http://www.youtube.com/@xpertassassin8178,2026-09-04T18:24:37Z,False,Valid,10,1,0,3,0-2,0-2,3,2-2,TBD,0,2-1,TBD,0,2-2,TBD,0,3-2,TBD,0,3-0,TBD,0,1-1,TBD,0,1-1,TBD,0,1-2,TBD,0,2-1,TBD,0
UgyjWCrVK_POplCQ3Op4AaABAg,@TheShaun8109,http://www.youtube.com/@TheShaun8109,2026-09-04T18:24:17Z,False,Valid,10,0,1,1,1-3,0-2,1,1-2,TBD,0,2-1,TBD,0,2-2,TBD,0,1-2,TBD,0,3-0,TBD,0,2-1,TBD,0,1-2,TBD,0,1-3,TBD,0,2-2,TBD,0
UgwLEH5UeSe33CYd7Dd4AaABAg,@Anotherjuan0,http://www.youtube.com/@Anotherjuan0,2026-09-04T18:24:13Z,False,Valid,10,0,1,1,1-4,0-2,1,3-1,TBD,0,2-2,TBD,0,1-1,TBD,0,1-3,TBD,0,4-0,TBD,0,2-1,TBD,0,2-2,TBD,0,0-3,TBD,0,2-1,TBD,0
Ugz0_j2HkRW957wreQR4AaABAg,@petersands2677,http://www.youtube.com/@petersands2677,2026-09-04T18:23:27Z,False,Valid,10,1,0,3,0-2,0-2,3,2-1,TBD,0,3-1,TBD,0,2-2,TBD,0,1-1,TBD,0,4-1,TBD,0,1-1,TBD,0,1-0,TBD,0,1-2,TBD,0,2-1,TBD,0
Ugx1urs3Tt5Vm5BPjsd4AaABAg,@abarkadabra,http://www.youtube.com/@abarkadabra,2026-09-04T18:23:05Z,False,Valid,10,0,0,0,3-1,0-2,0,2-5,TBD,0,1-4,TBD,0,6-1,TBD,0,0-0,TBD,0,11-0,TBD,0,5-1,TBD,0,3-0,TBD,0,2-1,TBD,0,4-5,TBD,0
Ugw4aTMA1g3iWuc441N4AaABAg,@IAmRonny,http://www.youtube.com/@IAmRonny,2026-09-04T18:22:49Z,False,Valid,10,0,1,1,1-3,0-2,1,1-0,TBD,0,2-0,TBD,0,1-1,TBD,0,0-0,TBD,0,2-0,TBD,0,1-3,TBD,0,0-1,TBD,0,0-2,TBD,0,1-2,TBD,0
UgwlcBaZIxFIchS9CFx4AaABAg,@thomasrichardson6432,http://www.youtube.com/@thomasrichardson6432,2026-09-04T18:22:29Z,False,Valid,10,0,1,1,1-3,0-2,1,2-2,TBD,0,2-0,TBD,0,3-1,TBD,0,2-1,TBD,0,4-0,TBD,0,1-0,TBD,0,1-2,TBD,0,0-2,TBD,0,2-1,TBD,0
Ugwv74vz2sCMUPv20PN4AaABAg,@elias6126,http://www.youtube.com/@elias6126,2026-09-04T18:21:59Z,False,Valid,10,0,1,1,1-4,0-2,1,2-1,TBD,0,1-0,TBD,0,2-0,TBD,0,0-0,TBD,0,5-2,TBD,0,1-1,TBD,0,2-3,TBD,0,1-2,TBD,0,2-2,TBD,0
UgwdOBeFY0UA_TS8upN4AaABAg,@SnappedFootball,http://www.youtube.com/@SnappedFootball,2026-09-04T18:21:39Z,False,Valid,10,0,1,1,1-2,0-2,1,2-1,TBD,0,3-0,TBD,0,1-1,TBD,0,1-1,TBD,0,1-0,TBD,0,1-1,TBD,0,2-0,TBD,0,1-2,TBD,0,2-1,TBD,0
UgyUn2HTBniEw7SRU9R4AaABAg,@ollieoleary,http://www.youtube.com/@ollieoleary,2026-09-04T18:21:27Z,False,Valid,9,0,1,1,1-2,0-2,1,3-1,TBD,0,3-0,TBD,0,0-0,TBD,0,1-1,TBD,0,4-0,TBD,0,N/A,TBD,0,0-0,TBD,0,0-1,TBD,0,1-2,TBD,0
UgxOR3T-MFqmqV9WHRF4AaABAg,@aayankapoor1425,http://www.youtube.com/@aayankapoor1425,2026-09-04T18:21:21Z,False,Valid,10,0,0,0,1-1,0-2,0,2-0,TBD,0,3-3,TBD,0,4-2,TBD,0,1-2,TBD,0,5-0,TBD,0,2-0,TBD,0,0-1,TBD,0,0-2,TBD,0,0-1,TBD,0
UgwcDHcHIxy0fNqitZV4AaABAg,@balinthejner465,http://www.youtube.com/@balinthejner465,2026-09-04T18:21:03Z,False,Valid,10,1,0,3,0-2,0-2,3,3-1,TBD,0,1-1,TBD,0,0-1,TBD,0,0-0,TBD,0,6-0,TBD,0,3-0,TBD,0,2-2,TBD,0,1-2,TBD,0,3-3,TBD,0
UgwWIJVyFj6M1Gqwr0t4AaABAg,@jimmyhurt,http://www.youtube.com/@jimmyhurt,2026-09-04T18:20:44Z,False,Valid,10,0,1,1,1-2,0-2,1,1-1,TBD,0,2-1,TBD,0,3-2,TBD,0,2-0,TBD,0,4-0,TBD,0,2-0,TBD,0,1-2,TBD,0,0-2,TBD,0,2-3,TBD,0
Ugyk1l3FX3h05_3iTTp4AaABAg,@danielrogers3070,http://www.youtube.com/@danielrogers3070,2026-09-04T18:20:29Z,False,Valid,10,0,1,1,1-3,0-2,1,2-0,TBD,0,2-1,TBD,0,3-2,TBD,0,0-0,TBD,0,4-0,TBD,0,1-1,TBD,0,0-2,TBD,0,1-2,TBD,0,2-1,TBD,0
UgwaD2SjjPdcC7v7jc94AaABAg,@moze2324,http://www.youtube.com/@moze2324,2026-09-04T18:20:01Z,False,Valid,10,0,1,1,1-2,0-2,1,1-1,TBD,0,2-1,TBD,0,2-0,TBD,0,1-2,TBD,0,3-0,TBD,0,1-0,TBD,0,1-2,TBD,0,1-1,TBD,0,2-1,TBD,0
UgzZ356_pgsmnD9TDph4AaABAg,@VeinyLad,http://www.youtube.com/@VeinyLad,2026-09-04T18:19:56Z,False,Valid,10,0,1,1,0-3,0-2,1,1-1,TBD,0,3-1,TBD,0,2-0,TBD,0,1-1,TBD,0,4-0,TBD,0,2-1,TBD,0,0-3,TBD,0,1-3,TBD,0,2-1,TBD,0
UgxZKURQiJUn-WEEJgV4AaABAg,@reece999999999,http://www.youtube.com/@reece999999999,2026-09-04T18:19:32Z,False,Valid,10,0,1,1,1-3,0-2,1,2-0,TBD,0,2-0,TBD,0,1-1,TBD,0,0-0,TBD,0,5-0,TBD,0,1-1,TBD,0,1-2,TBD,0,1-1,TBD,0,1-2,TBD,0
UgyN8LFYytqlN-5GIGF4AaABAg,@KillKvara,http://www.youtube.com/@KillKvara,2026-09-04T18:19:30Z,False,Valid,7,0,1,1,1-3,0-2,1,2-1,TBD,0,N/A,TBD,0,N/A,TBD,0,N/A,TBD,0,4-0,TBD,0,1-2,TBD,0,1-3,TBD,0,2-2,TBD,0,2-0,TBD,0
Ugycs2f5WpcBbyWrWOd4AaABAg,@antoninomassimovadala7431,http://www.youtube.com/@antoninomassimovadala7431,2026-09-04T18:19:27Z,False,Valid,10,1,0,3,0-2,0-2,3,2-1,TBD,0,3-0,TBD,0,3-1,TBD,0,1-1,TBD,0,3-0,TBD,0,2-2,TBD,0,0-1,TBD,0,1-1,TBD,0,3-1,TBD,0
UgzWSaTxk5RvlaPlAO94AaABAg,@aakashezhilan4520,http://www.youtube.com/@aakashezhilan4520,2026-09-04T18:19:16Z,True,Disqualified (Comment was Edited),10,0,0,0,1-2,0-2,0,3-1,TBD,0,2-0,TBD,0,1-2,TBD,0,0-0,TBD,0,5-0,TBD,0,2-2,TBD,0,1-2,TBD,0,1-3,TBD,0,2-0,TBD,0
UgwEmIbUv7K7PhAIM6J4AaABAg,@Mvpo444,http://www.youtube.com/@Mvpo444,2026-09-04T18:19:15Z,False,Valid,7,0,0,0,N/A,0-2,0,N/A,TBD,0,3-0,TBD,0,5-1,TBD,0,2-2,TBD,0,4-1,TBD,0,2-0,TBD,0,1-2,TBD,0,N/A,TBD,0,1-2,TBD,0
Ugw6lciv3xtzeDoUVxt4AaABAg,@YouTubePremium-ce4qu,http://www.youtube.com/@YouTubePremium-ce4qu,2026-09-04T18:19:14Z,False,Valid,10,0,1,1,2-3,0-2,1,2-1,TBD,0,3-0,TBD,0,2-0,TBD,0,0-0,TBD,0,4-0,TBD,0,1-0,TBD,0,0-2,TBD,0,1-1,TBD,0,2-2,TBD,0
UgzHlqb4fg9bcXwHDuZ4AaABAg,@Lamppost447,http://www.youtube.com/@Lamppost447,2026-09-04T18:19:11Z,False,Valid,9,0,0,0,1-1,0-2,0,3-2,TBD,0,2-0,TBD,0,1-1,TBD,0,2-1,TBD,0,6-0,TBD,0,N/A,TBD,0,2-0,TBD,0,0-3,TBD,0,0-0,TBD,0
UgyIws4ctwcmcxrRMOp4AaABAg,@HridaySen.,http://www.youtube.com/@HridaySen.,2026-09-04T18:18:59Z,False,Valid,9,0,1,1,2-3,0-2,1,2-1,TBD,0,N/A,TBD,0,0-0,TBD,0,2-1,TBD,0,1-5,TBD,0,2-0,TBD,0,1-2,TBD,0,1-3,TBD,0,1-3,TBD,0
Ugx772I8pnznQzcYQ-l4AaABAg,@Innndo,http://www.youtube.com/@Innndo,2026-09-04T18:18:32Z,False,Valid,10,0,0,0,1-1,0-2,0,2-1,TBD,0,2-1,TBD,0,2-0,TBD,0,1-2,TBD,0,5-0,TBD,0,2-1,TBD,0,1-0,TBD,0,1-2,TBD,0,2-1,TBD,0
Ugxkfua-Z5ldA3Eq13Z4AaABAg,@rgas28,http://www.youtube.com/@rgas28,2026-09-04T18:17:59Z,False,Valid,10,0,1,1,0-3,0-2,1,0-1,TBD,0,2-1,TBD,0,1-1,TBD,0,0-0,TBD,0,4-0,TBD,0,0-1,TBD,0,1-2,TBD,0,0-2,TBD,0,2-3,TBD,0
Ugz9_Yp8dEYLblbk86B4AaABAg,@Prezurala,http://www.youtube.com/@Prezurala,2026-09-04T18:17:53Z,False,Valid,10,1,0,3,0-2,0-2,3,2-1,TBD,0,3-1,TBD,0,1-1,TBD,0,2-1,TBD,0,3-0,TBD,0,0-1,TBD,0,1-0,TBD,0,0-1,TBD,0,2-2,TBD,0
UgwEVAdbJi7udiQU5vd4AaABAg,@Jake_T05,http://www.youtube.com/@Jake_T05,2026-09-04T18:17:49Z,False,Valid,10,0,1,1,0-3,0-2,1,2-2,TBD,0,3-1,TBD,0,3-3,TBD,0,0-0,TBD,0,4-0,TBD,0,2-1,TBD,0,1-1,TBD,0,2-3,TBD,0,2-1,TBD,0
UgzpSrF30p1CPmt9UAh4AaABAg,@zacharyhawes6938,http://www.youtube.com/@zacharyhawes6938,2026-09-04T18:15:06Z,False,Valid,10,0,0,0,2-2,0-2,0,2-1,TBD,0,3-1,TBD,0,2-2,TBD,0,1-2,TBD,0,4-0,TBD,0,3-1,TBD,0,1-1,TBD,0,0-2,TBD,0,2-3,TBD,0
UgzbmmCxp-IxItyP9RB4AaABAg,@wwerr16,http://www.youtube.com/@wwerr16,2026-09-04T18:14:34Z,False,Valid,9,0,0,0,1-0,0-2,0,0-3,TBD,0,2-2,TBD,0,2-1,TBD,0,2-1,TBD,0,0-0,TBD,0,1-3,TBD,0,2-0,TBD,0,N/A,TBD,0,2-0,TBD,0
UgzSqlt4-eyF23CDMfx4AaABAg,@ghostdavid4838,http://www.youtube.com/@ghostdavid4838,2026-09-04T18:14:32Z,False,Valid,10,0,1,1,1-2,0-2,1,1-1,TBD,0,3-1,TBD,0,2-2,TBD,0,2-0,TBD,0,4-1,TBD,0,0-1,TBD,0,0-2,TBD,0,1-1,TBD,0,3-3,TBD,0
UgwKaWLFWCFAhnODdz14AaABAg,@DummyMama-tv4hg,http://www.youtube.com/@DummyMama-tv4hg,2026-09-04T18:14:27Z,False,Valid,10,0,1,1,0-3,0-2,1,2-2,TBD,0,3-1,TBD,0,2-1,TBD,0,2-0,TBD,0,5-0,TBD,0,3-0,TBD,0,0-2,TBD,0,1-1,TBD,0,1-1,TBD,0
UgzsETJSQXXi3YOw3lR4AaABAg,@Ja23Bi,http://www.youtube.com/@Ja23Bi,2026-09-04T18:13:55Z,False,Valid,10,0,1,1,1-3,0-2,1,2-1,TBD,0,1-1,TBD,0,2-0,TBD,0,2-0,TBD,0,4-0,TBD,0,1-1,TBD,0,1-0,TBD,0,0-2,TBD,0,1-2,TBD,0
UgxtXbiAtXcI1y5lj_54AaABAg,@achusworld102,http://www.youtube.com/@achusworld102,2026-09-04T18:13:25Z,False,Valid,10,0,1,1,0-3,0-2,1,2-2,TBD,0,3-2,TBD,0,2-2,TBD,0,0-0,TBD,0,3-1,TBD,0,0-0,TBD,0,0-0,TBD,0,0-2,TBD,0,2-2,TBD,0
UgxzTPNgxpP2PoitCwV4AaABAg,@a.arnold1413,http://www.youtube.com/@a.arnold1413,2026-09-04T18:12:57Z,False,Valid,10,0,1,1,1-3,0-2,1,1-2,TBD,0,1-2,TBD,0,2-0,TBD,0,2-0,TBD,0,4-0,TBD,0,2-1,TBD,0,1-0,TBD,0,1-1,TBD,0,2-1,TBD,0
Ugx0VaI1FsUt38m8NvJ4AaABAg,@stanyeslaw,http://www.youtube.com/@stanyeslaw,2026-09-04T18:12:07Z,False,Valid,10,0,1,1,0-3,0-2,1,3-1,TBD,0,1-0,TBD,0,2-2,TBD,0,1-1,TBD,0,5-0,TBD,0,2-2,TBD,0,1-1,TBD,0,0-1,TBD,0,3-2,TBD,0
Ugz47mdULXPyO2DSHeN4AaABAg,@cameronweston4872,http://www.youtube.com/@cameronweston4872,2026-09-04T18:11:56Z,False,Valid,9,0,1,1,1-2,0-2,1,2-1,TBD,0,1-1,TBD,0,2-1,TBD,0,1-0,TBD,0,3-0,TBD,0,1-1,TBD,0,1-1,TBD,0,1-2,TBD,0,N/A,TBD,0
UgyS0BkYxaSwW-16bLt4AaABAg,@ConorSM15,http://www.youtube.com/@ConorSM15,2026-09-04T18:10:52Z,False,Valid,10,0,0,0,1-1,0-2,0,2-1,TBD,0,2-0,TBD,0,0-0,TBD,0,1-1,TBD,0,5-1,TBD,0,2-1,TBD,0,0-1,TBD,0,1-0,TBD,0,2-1,TBD,0
Ugzo856QLHSfmwl9lid4AaABAg,@21riki97,http://www.youtube.com/@21riki97,2026-09-04T18:10:14Z,False,Valid,10,0,1,1,0-3,0-2,1,1-2,TBD,0,0-0,TBD,0,2-2,TBD,0,1-1,TBD,0,2-1,TBD,0,2-0,TBD,0,1-0,TBD,0,2-1,TBD,0,3-0,TBD,0
UgzOaqQj1DseEvBsrct4AaABAg,@jackdenham927,http://www.youtube.com/@jackdenham927,2026-09-04T18:10:12Z,False,Valid,10,0,1,1,0-3,0-2,1,2-2,TBD,0,2-1,TBD,0,1-1,TBD,0,0-1,TBD,0,4-2,TBD,0,3-0,TBD,0,1-2,TBD,0,0-0,TBD,0,1-2,TBD,0
Ugzn3C82ZYenjoHnOGd4AaABAg,@bengtgunnardereksson2090,http://www.youtube.com/@bengtgunnardereksson2090,2026-09-04T18:09:55Z,False,Valid,10,0,1,1,0-3,0-2,1,1-0,TBD,0,2-0,TBD,0,1-0,TBD,0,1-0,TBD,0,4-0,TBD,0,2-1,TBD,0,1-2,TBD,0,2-1,TBD,0,1-2,TBD,0
UgxEPfGUZBObP8UW7Dl4AaABAg,@ГеоргиДимитров-н6л,http://www.youtube.com/@%D0%93%D0%B5%D0%BE%D1%80%D0%B3%D0%B8%D0%94%D0%B8%D0%BC%D0%B8%D1%82%D1%80%D0%BE%D0%B2-%D0%BD6%D0%BB,2026-09-04T18:09:47Z,False,Valid,10,0,1,1,1-2,0-2,1,3-1,TBD,0,1-1,TBD,0,1-0,TBD,0,1-1,TBD,0,3-0,TBD,0,1-1,TBD,0,1-1,TBD,0,1-3,TBD,0,1-1,TBD,0
UgycDe2HZU8TU2YDBaN4AaABAg,@aakivaan2238,http://www.youtube.com/@aakivaan2238,2026-09-04T18:09:17Z,False,Valid,10,0,1,1,1-3,0-2,1,3-2,TBD,0,1-2,TBD,0,2-2,TBD,0,1-0,TBD,0,4-1,TBD,0,2-1,TBD,0,1-1,TBD,0,1-2,TBD,0,3-2,TBD,0
UgzotTAC6UWJM_3BbHh4AaABAg,@natsuo6056,http://www.youtube.com/@natsuo6056,2026-09-04T18:09:04Z,False,Valid,10,0,1,1,1-3,0-2,1,2-0,TBD,0,1-1,TBD,0,2-1,TBD,0,1-1,TBD,0,5-1,TBD,0,2-0,TBD,0,2-1,TBD,0,1-1,TBD,0,1-0,TBD,0
UgzuAjsZMpGsJN4g2u54AaABAg,@helioliskfan,http://www.youtube.com/@helioliskfan,2026-09-04T18:08:34Z,False,Valid,10,0,1,1,1-3,0-2,1,2-2,TBD,0,1-1,TBD,0,1-0,TBD,0,2-0,TBD,0,5-0,TBD,0,0-1,TBD,0,1-2,TBD,0,1-0,TBD,0,2-0,TBD,0
UgwCdNPCrzz--S6bu7l4AaABAg,@WashierPrism477,http://www.youtube.com/@WashierPrism477,2026-09-04T18:08:22Z,False,Valid,10,0,1,1,1-3,0-2,1,2-1,TBD,0,3-1,TBD,0,1-1,TBD,0,2-0,TBD,0,4-0,TBD,0,2-1,TBD,0,0-3,TBD,0,1-1,TBD,0,1-0,TBD,0
UgyvWIGbHg7xBJUIYf54AaABAg,@valenfn7339,http://www.youtube.com/@valenfn7339,2026-09-04T18:08:02Z,False,Valid,10,0,1,1,1-2,0-2,1,3-1,TBD,0,1-1,TBD,0,1-1,TBD,0,1-1,TBD,0,5-0,TBD,0,1-1,TBD,0,2-2,TBD,0,1-1,TBD,0,1-2,TBD,0
Ugxlsd0B_3XyTNOVUuF4AaABAg,@aidan_105,http://www.youtube.com/@aidan_105,2026-09-04T18:07:40Z,False,Valid,10,0,1,1,1-3,0-2,1,2-1,TBD,0,2-0,TBD,0,1-2,TBD,0,1-0,TBD,0,4-0,TBD,0,2-2,TBD,0,1-1,TBD,0,0-2,TBD,0,3-2,TBD,0
UgzQej49GKTkb7BRqUJ4AaABAg,@MZAce,http://www.youtube.com/@MZAce,2026-09-04T18:06:36Z,False,Valid,10,1,0,3,0-2,0-2,3,1-0,TBD,0,1-1,TBD,0,2-2,TBD,0,0-1,TBD,0,5-0,TBD,0,0-0,TBD,0,1-1,TBD,0,1-2,TBD,0,1-1,TBD,0
UgxKRpfFKuV9Id9B4ih4AaABAg,@Aristos_blue53,http://www.youtube.com/@Aristos_blue53,2026-09-04T18:05:46Z,True,Disqualified (Comment was Edited),9,0,0,0,1-4,0-2,0,2-1,TBD,0,3-2,TBD,0,N/A,TBD,0,2-2,TBD,0,3-0,TBD,0,2-1,TBD,0,1-2,TBD,0,1-2,TBD,0,3-1,TBD,0
UgzCGewILJe4d5e71tJ4AaABAg,@nickaxford7925,http://www.youtube.com/@nickaxford7925,2026-09-04T18:05:19Z,False,Valid,10,0,1,1,1-3,0-2,1,2-0,TBD,0,1-1,TBD,0,3-1,TBD,0,0-0,TBD,0,5-0,TBD,0,2-1,TBD,0,0-2,TBD,0,0-2,TBD,0,1-0,TBD,0
UgxAnTTociJ_2DhoJI14AaABAg,@CuteBenji,http://www.youtube.com/@CuteBenji,2026-09-04T18:05:16Z,False,Valid,10,0,0,0,2-0,0-2,0,1-2,TBD,0,2-0,TBD,0,1-1,TBD,0,1-1,TBD,0,5-0,TBD,0,1-0,TBD,0,1-0,TBD,0,0-1,TBD,0,1-0,TBD,0
UgzElBjtUanPSmJ18ox4AaABAg,@olekklein27,http://www.youtube.com/@olekklein27,2026-09-04T18:05:02Z,False,Valid,9,0,0,0,2-2,0-2,0,1-0,TBD,0,1-1,TBD,0,3-2,TBD,0,1-1,TBD,0,4-0,TBD,0,N/A,TBD,0,0-0,TBD,0,1-1,TBD,0,2-2,TBD,0
Ugy5-BC8p6xVOU7WKpd4AaABAg,@CraigyBMusic,http://www.youtube.com/@CraigyBMusic,2026-09-04T18:04:51Z,False,Valid,10,0,1,1,0-4,0-2,1,2-0,TBD,0,0-1,TBD,0,0-2,TBD,0,1-2,TBD,0,1-0,TBD,0,3-1,TBD,0,1-2,TBD,0,1-0,TBD,0,2-1,TBD,0
Ugxrbkh29-UF31GcSzV4AaABAg,@raki199912,http://www.youtube.com/@raki199912,2026-09-04T18:04:00Z,False,Valid,10,0,1,1,1-4,0-2,1,1-1,TBD,0,2-0,TBD,0,2-1,TBD,0,2-1,TBD,0,5-0,TBD,0,1-2,TBD,0,0-1,TBD,0,1-3,TBD,0,1-1,TBD,0
UgynUCTzs3LTWupZJyh4AaABAg,@coopergreenwald8919,http://www.youtube.com/@coopergreenwald8919,2026-09-04T18:03:54Z,False,Valid,10,0,1,1,1-3,0-2,1,2-0,TBD,0,2-1,TBD,0,1-1,TBD,0,0-1,TBD,0,3-0,TBD,0,2-0,TBD,0,1-1,TBD,0,1-2,TBD,0,2-2,TBD,0
UgwPM9XQh086zf5fcmN4AaABAg,@francisconobre19,http://www.youtube.com/@francisconobre19,2026-09-04T18:03:47Z,False,Valid,10,0,1,1,1-2,0-2,1,2-1,TBD,0,1-1,TBD,0,1-1,TBD,0,1-0,TBD,0,5-0,TBD,0,2-1,TBD,0,1-3,TBD,0,1-2,TBD,0,2-0,TBD,0
Ugy669qqKdtXg219lBB4AaABAg,@GeeklyVideos,http://www.youtube.com/@GeeklyVideos,2026-09-04T18:03:18Z,False,Valid,10,0,1,1,1-3,0-2,1,2-1,TBD,0,1-0,TBD,0,3-1,TBD,0,1-0,TBD,0,6-2,TBD,0,1-1,TBD,0,1-1,TBD,0,1-0,TBD,0,1-2,TBD,0
UgxKG7RAAx2hPpKm7YB4AaABAg,@Vlad-ob2up,http://www.youtube.com/@Vlad-ob2up,2026-09-04T18:03:17Z,False,Valid,10,0,1,1,1-3,0-2,1,2-0,TBD,0,1-1,TBD,0,2-1,TBD,0,2-2,TBD,0,5-0,TBD,0,0-2,TBD,0,2-1,TBD,0,1-3,TBD,0,3-3,TBD,0
Ugxs4Mk2SRdBaBSXQr54AaABAg,@charlietin5262,http://www.youtube.com/@charlietin5262,2026-09-04T18:02:59Z,False,Valid,10,1,0,3,0-2,0-2,3,2-2,TBD,0,3-1,TBD,0,3-2,TBD,0,1-1,TBD,0,4-0,TBD,0,1-2,TBD,0,1-2,TBD,0,0-3,TBD,0,2-2,TBD,0
UgzPdJ1bJoxIGKxBDOl4AaABAg,@whtwhtc,http://www.youtube.com/@whtwhtc,2026-09-04T18:02:01Z,False,Valid,10,0,1,1,1-3,0-2,1,2-1,TBD,0,2-0,TBD,0,1-2,TBD,0,1-1,TBD,0,3-0,TBD,0,1-1,TBD,0,0-2,TBD,0,1-2,TBD,0,2-2,TBD,0
UgwBIL8SpbklkmIxHpd4AaABAg,@Zeroisking0,http://www.youtube.com/@Zeroisking0,2026-09-04T18:01:52Z,False,Valid,10,0,1,1,1-2,0-2,1,1-2,TBD,0,2-0,TBD,0,3-3,TBD,0,2-0,TBD,0,3-0,TBD,0,1-0,TBD,0,0-0,TBD,0,0-2,TBD,0,2-1,TBD,0
UgyVQy_g1PWDQYGjqzZ4AaABAg,@lukecummins4403,http://www.youtube.com/@lukecummins4403,2026-09-04T18:01:50Z,False,Valid,10,0,1,1,2-3,0-2,1,2-1,TBD,0,3-0,TBD,0,1-1,TBD,0,2-0,TBD,0,5-0,TBD,0,2-0,TBD,0,1-0,TBD,0,1-1,TBD,0,3-1,TBD,0
UgzmmW-gqVw1Ms8E4jF4AaABAg,@subscribetoartguyfootball12353,http://www.youtube.com/@subscribetoartguyfootball12353,2026-09-04T18:01:35Z,False,Valid,10,0,1,1,1-4,0-2,1,2-0,TBD,0,2-0,TBD,0,2-2,TBD,0,1-1,TBD,0,4-0,TBD,0,1-1,TBD,0,2-2,TBD,0,1-3,TBD,0,2-1,TBD,0
Ugzh8Q36YGSxRUP5jM94AaABAg,@Kaltyre,http://www.youtube.com/@Kaltyre,2026-09-04T18:00:34Z,False,Valid,10,0,1,1,1-2,0-2,1,2-0,TBD,0,2-2,TBD,0,1-1,TBD,0,1-3,TBD,0,3-0,TBD,0,1-1,TBD,0,0-2,TBD,0,1-2,TBD,0,3-1,TBD,0
UgzVv7BU-0RsnsXJdF54AaABAg,@theofoster5008,http://www.youtube.com/@theofoster5008,2026-09-04T18:00:29Z,False,Valid,10,0,1,1,1-2,0-2,1,1-1,TBD,0,2-1,TBD,0,3-2,TBD,0,0-0,TBD,0,4-1,TBD,0,2-0,TBD,0,2-2,TBD,0,1-0,TBD,0,2-0,TBD,0
UgzlhaQzvYr2YgcZJtV4AaABAg,@Reaper5514,http://www.youtube.com/@Reaper5514,2026-09-04T18:00:15Z,False,Valid,10,1,0,3,0-2,0-2,3,1-0,TBD,0,2-2,TBD,0,1-0,TBD,0,0-3,TBD,0,4-0,TBD,0,2-1,TBD,0,1-1,TBD,0,2-1,TBD,0,1-1,TBD,0
UgyNbVCrhBOUh6_mfYh4AaABAg,@snash8831,http://www.youtube.com/@snash8831,2026-09-04T17:59:48Z,False,Valid,10,0,1,1,1-2,0-2,1,2-2,TBD,0,2-0,TBD,0,2-1,TBD,0,1-1,TBD,0,3-0,TBD,0,1-1,TBD,0,1-1,TBD,0,1-1,TBD,0,2-1,TBD,0
UgyVWZXv_Bpmt9Ga8JB4AaABAg,@stephensixsmith,http://www.youtube.com/@stephensixsmith,2026-09-04T17:59:28Z,False,Valid,10,0,0,0,2-2,0-2,0,2-1,TBD,0,3-2,TBD,0,1-0,TBD,0,1-0,TBD,0,3-0,TBD,0,2-1,TBD,0,1-0,TBD,0,2-2,TBD,0,2-1,TBD,0
UgwLxrQCq0J8DIlfWxh4AaABAg,@yaboietan_6430,http://www.youtube.com/@yaboietan_6430,2026-09-04T17:58:14Z,False,Valid,10,0,1,1,1-3,0-2,1,3-0,TBD,0,3-2,TBD,0,1-0,TBD,0,2-1,TBD,0,6-1,TBD,0,2-2,TBD,0,1-1,TBD,0,0-0,TBD,0,0-1,TBD,0
UgyFVa7y5NJahfjc4394AaABAg,@I.V.A.Nmusic,http://www.youtube.com/@I.V.A.Nmusic,2026-09-04T17:58:07Z,False,Valid,10,0,1,1,0-4,0-2,1,2-1,TBD,0,1-0,TBD,0,0-2,TBD,0,0-1,TBD,0,3-1,TBD,0,1-0,TBD,0,1-1,TBD,0,1-2,TBD,0,3-2,TBD,0
Ugzsqo7CktBJbtEkUj14AaABAg,@Eminem-F1,http://www.youtube.com/@Eminem-F1,2026-09-04T17:58:01Z,False,Valid,10,0,1,1,0-3,0-2,1,1-1,TBD,0,3-0,TBD,0,1-1,TBD,0,1-3,TBD,0,3-1,TBD,0,2-0,TBD,0,1-1,TBD,0,0-0,TBD,0,3-1,TBD,0
Ugz1CLclQmlbLAwtlnR4AaABAg,@CosminsssAlex,http://www.youtube.com/@CosminsssAlex,2026-09-04T17:57:18Z,False,Valid,10,1,0,3,0-2,0-2,3,1-1,TBD,0,2-0,TBD,0,1-2,TBD,0,1-0,TBD,0,4-0,TBD,0,3-1,TBD,0,0-3,TBD,0,0-2,TBD,0,2-1,TBD,0
UgwDlMG52RmEdk5Ntcl4AaABAg,@leomccarron9133,http://www.youtube.com/@leomccarron9133,2026-09-04T17:57:15Z,False,Valid,10,0,1,1,1-3,0-2,1,2-1,TBD,0,2-1,TBD,0,2-2,TBD,0,2-1,TBD,0,5-0,TBD,0,2-2,TBD,0,1-2,TBD,0,1-1,TBD,0,3-1,TBD,0
UgzVM7cI6s3q7Wvx_Cl4AaABAg,@antonio5219,http://www.youtube.com/@antonio5219,2026-09-04T17:56:50Z,False,Valid,10,0,1,1,1-3,0-2,1,1-1,TBD,0,2-2,TBD,0,0-0,TBD,0,1-0,TBD,0,3-0,TBD,0,0-2,TBD,0,1-2,TBD,0,1-2,TBD,0,0-0,TBD,0
UgwxqywU6Z292XeVur94AaABAg,@blero473,http://www.youtube.com/@blero473,2026-09-04T17:56:25Z,False,Valid,10,0,0,0,1-1,0-2,0,2-1,TBD,0,2-0,TBD,0,3-2,TBD,0,1-1,TBD,0,5-1,TBD,0,1-0,TBD,0,1-0,TBD,0,1-3,TBD,0,1-0,TBD,0
UgyBm_63_wM4l45Tpap4AaABAg,@Vanmanyo,http://www.youtube.com/@Vanmanyo,2026-09-04T17:56:23Z,False,Valid,10,0,1,1,1-3,0-2,1,1-1,TBD,0,3-2,TBD,0,2-1,TBD,0,2-1,TBD,0,4-0,TBD,0,2-2,TBD,0,0-2,TBD,0,0-1,TBD,0,1-1,TBD,0
UgwmrCq9Xl5uKrDs0YJ4AaABAg,@doog-2,http://www.youtube.com/@doog-2,2026-09-04T17:55:45Z,False,Valid,7,0,1,1,1-2,0-2,1,1-1,TBD,0,2-0,TBD,0,2-2,TBD,0,N/A,TBD,0,4-0,TBD,0,1-1,TBD,0,0-0,TBD,0,N/A,TBD,0,N/A,TBD,0
UgyE4xjCYl7cf6yeX-F4AaABAg,@12tentacao,http://www.youtube.com/@12tentacao,2026-09-04T17:55:26Z,False,Valid,10,0,1,1,1-2,0-2,1,3-3,TBD,0,3-1,TBD,0,0-2,TBD,0,3-0,TBD,0,5-1,TBD,0,3-2,TBD,0,1-1,TBD,0,1-3,TBD,0,2-0,TBD,0
UgxdnXeYWeE48zA7QV54AaABAg,@WolfyHai,http://www.youtube.com/@WolfyHai,2026-09-04T17:55:21Z,False,Valid,10,0,1,1,1-3,0-2,1,2-1,TBD,0,3-1,TBD,0,2-2,TBD,0,1-1,TBD,0,5-1,TBD,0,1-1,TBD,0,1-0,TBD,0,0-2,TBD,0,1-2,TBD,0
UgzoikPFCWRORFddg5N4AaABAg,@Swij248,http://www.youtube.com/@Swij248,2026-09-04T17:55:02Z,False,Valid,10,0,1,1,1-3,0-2,1,1-2,TBD,0,2-2,TBD,0,3-2,TBD,0,1-3,TBD,0,6-1,TBD,0,2-1,TBD,0,0-2,TBD,0,0-2,TBD,0,2-2,TBD,0
UgxQEn5FuGPklWP3tOJ4AaABAg,@leozon100,http://www.youtube.com/@leozon100,2026-09-04T17:54:52Z,False,Valid,10,0,1,1,1-2,0-2,1,2-2,TBD,0,3-1,TBD,0,2-1,TBD,0,1-0,TBD,0,3-0,TBD,0,2-1,TBD,0,1-2,TBD,0,1-3,TBD,0,2-0,TBD,0
UgzGMWQB99OUSIOziPd4AaABAg,@noah0051,http://www.youtube.com/@noah0051,2026-09-04T17:54:00Z,False,Valid,10,0,1,1,1-2,0-2,1,2-1,TBD,0,3-1,TBD,0,2-2,TBD,0,1-1,TBD,0,3-0,TBD,0,0-2,TBD,0,1-0,TBD,0,2-3,TBD,0,1-2,TBD,0
UgxozXiUPh_GqSoUqM14AaABAg,@alfredopergreno9543,http://www.youtube.com/@alfredopergreno9543,2026-09-04T17:53:59Z,False,Valid,10,0,0,0,1-1,0-2,0,2-1,TBD,0,2-2,TBD,0,3-1,TBD,0,2-1,TBD,0,2-1,TBD,0,2-3,TBD,0,2-3,TBD,0,1-3,TBD,0,2-0,TBD,0
UgwhmSu12AJ_79Tj0fd4AaABAg,@psykosis_the_amatuer_animator,http://www.youtube.com/@psykosis_the_amatuer_animator,2026-09-04T17:53:59Z,False,Valid,10,0,1,1,1-2,0-2,1,3-2,TBD,0,1-2,TBD,0,1-1,TBD,0,0-2,TBD,0,5-0,TBD,0,1-0,TBD,0,0-2,TBD,0,0-1,TBD,0,2-0,TBD,0
UgxxW_IzEDp6bykW1vt4AaABAg,@heathenwolf9847,http://www.youtube.com/@heathenwolf9847,2026-09-04T17:53:45Z,False,Valid,8,0,1,1,1-3,0-2,1,3-1,TBD,0,0-1,TBD,0,N/A,TBD,0,N/A,TBD,0,4-1,TBD,0,1-1,TBD,0,2-2,TBD,0,1-2,TBD,0,3-1,TBD,0
UgxSMx91LZEs78MQYr14AaABAg,@A.Sharif.02,http://www.youtube.com/@A.Sharif.02,2026-09-04T17:53:43Z,True,Disqualified (Comment was Edited),10,0,0,0,1-3,0-2,0,2-1,TBD,0,2-1,TBD,0,1-1,TBD,0,0-0,TBD,0,5-0,TBD,0,1-0,TBD,0,0-0,TBD,0,1-1,TBD,0,2-1,TBD,0
UgxpCg7Dc28ytPIMJr54AaABAg,@gainzwithglenn,http://www.youtube.com/@gainzwithglenn,2026-09-04T17:53:34Z,False,Valid,10,0,1,1,0-3,0-2,1,2-2,TBD,0,3-1,TBD,0,1-1,TBD,0,0-0,TBD,0,5-0,TBD,0,2-1,TBD,0,0-2,TBD,0,2-3,TBD,0,1-1,TBD,0
UgzcVlyt8E95jFVBIBJ4AaABAg,@yulanluo9980,http://www.youtube.com/@yulanluo9980,2026-09-04T17:53:30Z,False,Valid,10,0,1,1,1-3,0-2,1,2-2,TBD,0,1-0,TBD,0,2-0,TBD,0,0-0,TBD,0,4-0,TBD,0,1-1,TBD,0,1-1,TBD,0,2-2,TBD,0,2-1,TBD,0
UgwTjsUVa2tJdPPZ2BJ4AaABAg,@majahki,http://www.youtube.com/@majahki,2026-09-04T17:53:12Z,False,Valid,10,0,1,1,1-3,0-2,1,2-1,TBD,0,3-2,TBD,0,2-1,TBD,0,2-2,TBD,0,3-0,TBD,0,2-1,TBD,0,1-1,TBD,0,1-3,TBD,0,1-1,TBD,0
Ugzho_9Qid60_bwFKH54AaABAg,@natgames2207,http://www.youtube.com/@natgames2207,2026-09-04T17:52:40Z,False,Valid,10,0,1,1,1-3,0-2,1,1-1,TBD,0,3-1,TBD,0,3-2,TBD,0,0-2,TBD,0,3-0,TBD,0,2-1,TBD,0,1-2,TBD,0,0-3,TBD,0,2-2,TBD,0
UgyQ575rsuyxOzNuj5d4AaABAg,@LieutenantPulp,http://www.youtube.com/@LieutenantPulp,2026-09-04T17:52:30Z,False,Valid,10,0,1,1,1-4,0-2,1,2-1,TBD,0,1-1,TBD,0,1-1,TBD,0,1-0,TBD,0,5-0,TBD,0,2-1,TBD,0,1-2,TBD,0,1-1,TBD,0,3-1,TBD,0
Ugzf8NcD_GuADUC5Vvl4AaABAg,@Tatenda10,http://www.youtube.com/@Tatenda10,2026-09-04T17:52:10Z,False,Valid,8,0,1,1,1-3,0-2,1,N/A,TBD,0,3-1,TBD,0,N/A,TBD,0,0-1,TBD,0,5-1,TBD,0,0-2,TBD,0,1-0,TBD,0,2-2,TBD,0,2-1,TBD,0
UgwOPoNgajOei6w-gqR4AaABAg,@thetechguide4844,http://www.youtube.com/@thetechguide4844,2026-09-04T17:52:00Z,False,Valid,10,0,1,1,1-3,0-2,1,1-2,TBD,0,4-0,TBD,0,0-0,TBD,0,1-1,TBD,0,2-0,TBD,0,2-1,TBD,0,1-0,TBD,0,2-2,TBD,0,1-1,TBD,0
Ugxd6vKFTrAfWhpiift4AaABAg,@krimson2077,http://www.youtube.com/@krimson2077,2026-09-04T17:51:58Z,False,Valid,10,0,1,1,1-2,0-2,1,3-1,TBD,0,2-0,TBD,0,2-1,TBD,0,3-2,TBD,0,5-0,TBD,0,2-1,TBD,0,1-1,TBD,0,1-3,TBD,0,1-0,TBD,0
UgzCoYw86DAwhoJ1-VZ4AaABAg,@Thelonesoldier360,http://www.youtube.com/@Thelonesoldier360,2026-09-04T17:51:43Z,False,Valid,10,0,1,1,0-6,0-2,1,1-2,TBD,0,1-0,TBD,0,4-3,TBD,0,0-0,TBD,0,4-1,TBD,0,2-0,TBD,0,1-0,TBD,0,2-1,TBD,0,3-2,TBD,0
Ugww3gvqEj2JJcKA_YZ4AaABAg,@AyushSharma-qy2si,http://www.youtube.com/@AyushSharma-qy2si,2026-09-04T17:51:38Z,False,Valid,9,0,1,1,1-3,0-2,1,N/A,TBD,0,2-1,TBD,0,2-1,TBD,0,3-2,TBD,0,3-1,TBD,0,2-2,TBD,0,1-2,TBD,0,1-2,TBD,0,3-1,TBD,0
UgyM6dhLNbkyDOvE0kl4AaABAg,@ammar56604,http://www.youtube.com/@ammar56604,2026-09-04T17:51:28Z,False,Valid,10,1,0,3,0-2,0-2,3,2-1,TBD,0,3-1,TBD,0,2-1,TBD,0,1-1,TBD,0,4-0,TBD,0,2-0,TBD,0,1-3,TBD,0,1-1,TBD,0,1-1,TBD,0
Ugzg4yBINjR8B_uwaQl4AaABAg,@Haybalez,http://www.youtube.com/@Haybalez,2026-09-04T17:51:21Z,False,Valid,10,0,1,1,1-2,0-2,1,1-1,TBD,0,3-1,TBD,0,2-2,TBD,0,1-0,TBD,0,3-0,TBD,0,1-0,TBD,0,0-2,TBD,0,1-1,TBD,0,2-1,TBD,0
UgyakmXD4PB2pZzDGs54AaABAg,@rathangjoshi956,http://www.youtube.com/@rathangjoshi956,2026-09-04T17:51:11Z,False,Valid,10,0,1,1,0-3,0-2,1,1-1,TBD,0,4-1,TBD,0,2-3,TBD,0,2-2,TBD,0,4-0,TBD,0,1-2,TBD,0,0-2,TBD,0,1-3,TBD,0,2-2,TBD,0
Ugxqw9ec_PxaY01jqal4AaABAg,@normandecleer4424,http://www.youtube.com/@normandecleer4424,2026-09-04T17:51:09Z,False,Valid,10,0,1,1,0-4,0-2,1,3-1,TBD,0,1-1,TBD,0,1-2,TBD,0,2-2,TBD,0,6-0,TBD,0,1-3,TBD,0,0-2,TBD,0,1-3,TBD,0,1-2,TBD,0
Ugwni1qX3iCmafgjHA14AaABAg,@TrashBoat2604,http://www.youtube.com/@TrashBoat2604,2026-09-04T17:50:43Z,False,Valid,10,0,1,1,0-3,0-2,1,2-1,TBD,0,2-0,TBD,0,0-2,TBD,0,1-1,TBD,0,3-1,TBD,0,1-2,TBD,0,0-2,TBD,0,1-3,TBD,0,3-2,TBD,0
UgzzCnvWABGhBIxysQp4AaABAg,@Scotty2303,http://www.youtube.com/@Scotty2303,2026-09-04T17:50:42Z,False,Valid,10,1,0,3,0-2,0-2,3,3-1,TBD,0,2-0,TBD,0,1-1,TBD,0,0-0,TBD,0,4-0,TBD,0,2-1,TBD,0,0-1,TBD,0,1-1,TBD,0,2-1,TBD,0
Ugzt1PQartBfFCCVz9h4AaABAg,@_chabrlja,http://www.youtube.com/@_chabrlja,2026-09-04T17:49:54Z,False,Valid,10,0,1,1,1-3,0-2,1,2-1,TBD,0,2-0,TBD,0,0-0,TBD,0,1-0,TBD,0,5-0,TBD,0,2-1,TBD,0,1-1,TBD,0,1-2,TBD,0,3-2,TBD,0
UgzYacmGdamdMFSjDSJ4AaABAg,@Pronce_5237,http://www.youtube.com/@Pronce_5237,2026-09-04T17:49:33Z,False,Valid,10,0,0,0,2-2,0-2,0,2-0,TBD,0,2-2,TBD,0,3-3,TBD,0,1-0,TBD,0,3-0,TBD,0,2-1,TBD,0,1-4,TBD,0,0-2,TBD,0,3-2,TBD,0
UgzKWr93GUc8A7fzMdl4AaABAg,@DomKnight-r4i,http://www.youtube.com/@DomKnight-r4i,2026-09-04T17:49:16Z,False,Valid,10,0,1,1,1-3,0-2,1,2-1,TBD,0,0-0,TBD,0,0-3,TBD,0,2-0,TBD,0,5-0,TBD,0,1-1,TBD,0,1-2,TBD,0,1-2,TBD,0,3-4,TBD,0
UgykpKm1bP1kbjjDgZh4AaABAg,@ethanedwards1037,http://www.youtube.com/@ethanedwards1037,2026-09-04T17:49:12Z,False,Valid,10,0,0,0,2-2,0-2,0,2-0,TBD,0,3-1,TBD,0,0-1,TBD,0,2-1,TBD,0,4-0,TBD,0,1-1,TBD,0,1-1,TBD,0,0-1,TBD,0,3-4,TBD,0
UgxhBqimNPRHbt5kaz54AaABAg,@aaronbard4403,http://www.youtube.com/@aaronbard4403,2026-09-04T17:48:57Z,False,Valid,10,0,1,1,1-4,0-2,1,2-0,TBD,0,1-1,TBD,0,2-2,TBD,0,3-1,TBD,0,5-0,TBD,0,1-1,TBD,0,0-2,TBD,0,1-3,TBD,0,1-2,TBD,0
UgwwNSfQwFE7sniS2c94AaABAg,@pricus2951,http://www.youtube.com/@pricus2951,2026-09-04T17:48:37Z,False,Valid,9,0,1,1,1-3,0-2,1,2-2,TBD,0,1-1,TBD,0,3-1,TBD,0,1-1,TBD,0,5-1,TBD,0,2-3,TBD,0,1-2,TBD,0,N/A,TBD,0,3-4,TBD,0
UgxFdryw3UWRThaPaxV4AaABAg,@danenull254,http://www.youtube.com/@danenull254,2026-09-04T17:48:30Z,False,Valid,10,0,1,1,1-3,0-2,1,2-1,TBD,0,2-0,TBD,0,1-0,TBD,0,1-1,TBD,0,4-0,TBD,0,2-1,TBD,0,0-2,TBD,0,1-1,TBD,0,2-1,TBD,0
UgyqsfmXoXg3MOmUcEN4AaABAg,@xygut,http://www.youtube.com/@xygut,2026-09-04T17:48:22Z,False,Valid,10,0,1,1,1-3,0-2,1,1-1,TBD,0,1-0,TBD,0,1-2,TBD,0,1-1,TBD,0,3-0,TBD,0,2-2,TBD,0,0-2,TBD,0,1-2,TBD,0,2-2,TBD,0
UgzFiYYXYOQtYp-IhDF4AaABAg,@jhiyu,http://www.youtube.com/@jhiyu,2026-09-04T17:48:18Z,True,Disqualified (Comment was Edited),10,0,0,0,1-3,0-2,0,1-1,TBD,0,1-0,TBD,0,1-2,TBD,0,2-2,TBD,0,4-0,TBD,0,1-0,TBD,0,1-1,TBD,0,0-2,TBD,0,4-2,TBD,0
UgwI9j9iiTKUnxKQi0p4AaABAg,@YoichiClipsyt,http://www.youtube.com/@YoichiClipsyt,2026-09-04T17:48:13Z,False,Valid,9,0,0,0,2-2,0-2,0,2-1,TBD,0,2-2,TBD,0,N/A,TBD,0,1-2,TBD,0,3-2,TBD,0,2-1,TBD,0,2-3,TBD,0,1-2,TBD,0,2-3,TBD,0
Ugxv0TDjrb4Lb21DnOV4AaABAg,@TheDutchStarWarsGuy,http://www.youtube.com/@TheDutchStarWarsGuy,2026-09-04T17:47:53Z,False,Valid,10,0,1,1,1-2,0-2,1,2-1,TBD,0,3-1,TBD,0,1-0,TBD,0,2-0,TBD,0,4-0,TBD,0,3-0,TBD,0,1-1,TBD,0,2-2,TBD,0,3-2,TBD,0
UgzHEje-mUSzhaBl2-N4AaABAg,@EddieMajola-j9g,http://www.youtube.com/@EddieMajola-j9g,2026-09-04T17:47:48Z,False,Valid,10,0,1,1,1-2,0-2,1,0-0,TBD,0,4-0,TBD,0,3-1,TBD,0,2-0,TBD,0,2-3,TBD,0,2-1,TBD,0,0-2,TBD,0,2-0,TBD,0,2-3,TBD,0
UgzCFp6wX2Y3P7zgyeR4AaABAg,@ajdinheric2116,http://www.youtube.com/@ajdinheric2116,2026-09-04T17:47:44Z,False,Valid,10,0,1,1,0-3,0-2,1,3-1,TBD,0,2-0,TBD,0,1-2,TBD,0,1-1,TBD,0,6-0,TBD,0,1-2,TBD,0,0-3,TBD,0,2-1,TBD,0,2-3,TBD,0
UgzXa5i0Y6u-IuUtYEp4AaABAg,@Wtf-b3k,http://www.youtube.com/@Wtf-b3k,2026-09-04T17:47:20Z,False,Valid,10,1,0,3,0-2,0-2,3,2-1,TBD,0,3-1,TBD,0,3-3,TBD,0,0-1,TBD,0,4-0,TBD,0,0-0,TBD,0,1-0,TBD,0,0-0,TBD,0,3-0,TBD,0
Ugz0XcePe-kfqssUJ494AaABAg,@abhedyaagarwal5054,http://www.youtube.com/@abhedyaagarwal5054,2026-09-04T17:47:19Z,False,Valid,10,0,1,1,1-2,0-2,1,3-1,TBD,0,2-0,TBD,0,4-0,TBD,0,1-1,TBD,0,4-1,TBD,0,1-3,TBD,0,2-2,TBD,0,1-4,TBD,0,1-2,TBD,0
UgwQtyERJ5ZLSxNZN3R4AaABAg,@Porto5452,http://www.youtube.com/@Porto5452,2026-09-04T17:47:06Z,False,Valid,10,0,1,1,1-3,0-2,1,2-1,TBD,0,1-0,TBD,0,1-1,TBD,0,2-0,TBD,0,4-1,TBD,0,0-0,TBD,0,2-0,TBD,0,2-1,TBD,0,2-0,TBD,0
UgyfrDALuWVRe6c0wyR4AaABAg,@halea7124,http://www.youtube.com/@halea7124,2026-09-04T17:45:46Z,False,Valid,10,0,1,1,1-3,0-2,1,2-2,TBD,0,2-1,TBD,0,3-2,TBD,0,3-0,TBD,0,5-0,TBD,0,1-2,TBD,0,1-2,TBD,0,2-0,TBD,0,2-2,TBD,0
Ugxm9KnuAbhrr4WWBvB4AaABAg,@Jovani-j3k,http://www.youtube.com/@Jovani-j3k,2026-09-04T17:44:45Z,False,Valid,10,0,1,1,1-2,0-2,1,2-2,TBD,0,2-0,TBD,0,2-0,TBD,0,2-1,TBD,0,6-0,TBD,0,1-2,TBD,0,1-0,TBD,0,0-1,TBD,0,1-2,TBD,0
UgwgDpmIA-g4g4fKbtJ4AaABAg,@TacticalTempo,http://www.youtube.com/@TacticalTempo,2026-09-04T17:44:19Z,False,Valid,10,0,1,1,1-3,0-2,1,2-0,TBD,0,4-0,TBD,0,3-2,TBD,0,1-1,TBD,0,4-1,TBD,0,2-0,TBD,0,0-3,TBD,0,0-2,TBD,0,2-4,TBD,0
Ugz7y7yAcn5dWBx4TcJ4AaABAg,@Bamsi-tl4nk,http://www.youtube.com/@Bamsi-tl4nk,2026-09-04T17:44:04Z,False,Valid,10,0,1,1,1-4,0-2,1,2-1,TBD,0,1-0,TBD,0,2-2,TBD,0,0-0,TBD,0,3-0,TBD,0,2-1,TBD,0,1-1,TBD,0,1-1,TBD,0,1-3,TBD,0
Ugw3dyhgD6JaUu65OiJ4AaABAg,@lennyleslie2012,http://www.youtube.com/@lennyleslie2012,2026-09-04T17:43:53Z,False,Valid,10,0,1,1,1-3,0-2,1,0-2,TBD,0,0-1,TBD,0,2-2,TBD,0,3-2,TBD,0,3-0,TBD,0,1-1,TBD,0,2-1,TBD,0,2-1,TBD,0,0-1,TBD,0
UgzyhvVTtplbJh_eop54AaABAg,@willrelf92,http://www.youtube.com/@willrelf92,2026-09-04T17:43:53Z,False,Valid,10,0,0,0,1-1,0-2,0,3-2,TBD,0,2-1,TBD,0,2-1,TBD,0,1-0,TBD,0,3-0,TBD,0,2-1,TBD,0,1-2,TBD,0,1-1,TBD,0,1-0,TBD,0
UgxoJTOh4e-moc8tH0R4AaABAg,@porfilopez5257,http://www.youtube.com/@porfilopez5257,2026-09-04T17:43:25Z,True,Disqualified (Comment was Edited),10,0,0,0,0-2,0-2,0,2-1,TBD,0,2-1,TBD,0,2-3,TBD,0,1-1,TBD,0,4-0,TBD,0,0-0,TBD,0,1-2,TBD,0,1-2,TBD,0,2-2,TBD,0
Ugx86nyDzAqu5AZcMp94AaABAg,@rdjerry2410,http://www.youtube.com/@rdjerry2410,2026-09-04T17:43:08Z,False,Valid,10,0,1,1,1-2,0-2,1,2-1,TBD,0,3-1,TBD,0,1-2,TBD,0,1-1,TBD,0,5-1,TBD,0,3-1,TBD,0,2-0,TBD,0,1-1,TBD,0,3-1,TBD,0
UgwPPVcYiP3boLIeM4d4AaABAg,@jiken220,http://www.youtube.com/@jiken220,2026-09-04T17:43:01Z,False,Valid,10,0,1,1,1-5,0-2,1,4-1,TBD,0,3-2,TBD,0,1-3,TBD,0,1-1,TBD,0,6-0,TBD,0,2-0,TBD,0,1-0,TBD,0,1-2,TBD,0,1-0,TBD,0
UgxsPp3BX0ZaHF70uu94AaABAg,@xRedman9999x,http://www.youtube.com/@xRedman9999x,2026-09-04T17:42:49Z,False,Valid,10,0,1,1,1-2,0-2,1,1-0,TBD,0,2-2,TBD,0,2-0,TBD,0,0-0,TBD,0,4-0,TBD,0,3-1,TBD,0,2-0,TBD,0,2-3,TBD,0,0-0,TBD,0
UgzRu-ZzX1t7cOmU17B4AaABAg,@scuffedgang1212,http://www.youtube.com/@scuffedgang1212,2026-09-04T17:42:31Z,False,Valid,10,0,1,1,1-3,0-2,1,2-1,TBD,0,2-1,TBD,0,1-1,TBD,0,1-1,TBD,0,4-1,TBD,0,2-3,TBD,0,1-2,TBD,0,1-2,TBD,0,1-2,TBD,0
UgxtVD-RVUQUkG0184h4AaABAg,@richardparker9556,http://www.youtube.com/@richardparker9556,2026-09-04T17:42:17Z,False,Valid,10,1,0,3,0-2,0-2,3,2-1,TBD,0,2-1,TBD,0,1-1,TBD,0,1-2,TBD,0,3-0,TBD,0,2-2,TBD,0,0-0,TBD,0,0-1,TBD,0,3-1,TBD,0
UgyBQdzBiQVeP5verWl4AaABAg,@afcb_humph26,http://www.youtube.com/@afcb_humph26,2026-09-04T17:41:41Z,False,Valid,10,0,1,1,1-3,0-2,1,2-2,TBD,0,1-1,TBD,0,1-1,TBD,0,2-1,TBD,0,4-0,TBD,0,2-0,TBD,0,2-1,TBD,0,0-2,TBD,0,2-1,TBD,0
UgxXDCA5ui7iPQ3ZcjV4AaABAg,@Cooper_the_pug,http://www.youtube.com/@Cooper_the_pug,2026-09-04T17:41:39Z,False,Valid,10,0,1,1,1-3,0-2,1,2-1,TBD,0,2-0,TBD,0,1-1,TBD,0,0-0,TBD,0,3-0,TBD,0,3-1,TBD,0,1-3,TBD,0,1-1,TBD,0,2-1,TBD,0
UgyrnM0fD2QeANWTiRB4AaABAg,@sjdbdkoswq,http://www.youtube.com/@sjdbdkoswq,2026-09-04T17:40:47Z,False,Valid,10,0,1,1,1-2,0-2,1,1-2,TBD,0,2-0,TBD,0,2-2,TBD,0,1-1,TBD,0,3-0,TBD,0,2-0,TBD,0,1-1,TBD,0,1-2,TBD,0,1-0,TBD,0
UgxSaqAuI-0AzZFHucR4AaABAg,@kdot9584,http://www.youtube.com/@kdot9584,2026-09-04T17:40:27Z,False,Valid,10,0,1,1,1-3,0-2,1,2-1,TBD,0,1-1,TBD,0,1-1,TBD,0,1-1,TBD,0,3-0,TBD,0,3-2,TBD,0,1-2,TBD,0,1-2,TBD,0,1-1,TBD,0
UgwWb1xotgWOtzyA5x54AaABAg,@Gullpatron,http://www.youtube.com/@Gullpatron,2026-09-04T17:39:30Z,False,Valid,9,0,0,0,2-1,0-2,0,2-1,TBD,0,2-1,TBD,0,2-0,TBD,0,1-1,TBD,0,4-0,TBD,0,2-0,TBD,0,0-1,TBD,0,N/A,TBD,0,3-2,TBD,0
UgwJR3hZ9Fv4wqyTI4N4AaABAg,@Kingcuba137,http://www.youtube.com/@Kingcuba137,2026-09-04T17:38:48Z,False,Valid,8,0,0,0,N/A,0-2,0,1-1,TBD,0,N/A,TBD,0,2-2,TBD,0,0-2,TBD,0,4-0,TBD,0,2-2,TBD,0,1-2,TBD,0,0-2,TBD,0,2-4,TBD,0
UgwUTzA6WZ37Xj5XhvR4AaABAg,@JRFack25,http://www.youtube.com/@JRFack25,2026-09-04T17:38:05Z,False,Valid,10,0,1,1,1-2,0-2,1,2-1,TBD,0,3-1,TBD,0,2-2,TBD,0,1-0,TBD,0,5-0,TBD,0,1-0,TBD,0,1-1,TBD,0,1-2,TBD,0,1-1,TBD,0
Ugw6gyEhcinZOx7ixIt4AaABAg,@mehulpatel577,http://www.youtube.com/@mehulpatel577,2026-09-04T17:37:48Z,False,Valid,10,0,0,0,2-2,0-2,0,1-2,TBD,0,2-0,TBD,0,1-1,TBD,0,1-2,TBD,0,4-1,TBD,0,1-2,TBD,0,1-3,TBD,0,1-3,TBD,0,2-0,TBD,0
Ugw7Ns72A2-Q3C7lPlB4AaABAg,@ashermoore594,http://www.youtube.com/@ashermoore594,2026-09-04T17:37:10Z,False,Valid,10,0,0,0,1-1,0-2,0,2-1,TBD,0,3-2,TBD,0,1-1,TBD,0,0-1,TBD,0,4-1,TBD,0,1-1,TBD,0,0-2,TBD,0,1-1,TBD,0,3-2,TBD,0
Ugza3UF6z2TvRW5n5KB4AaABAg,@TGold7,http://www.youtube.com/@TGold7,2026-09-04T17:37:04Z,False,Valid,10,0,1,1,1-2,0-2,1,2-0,TBD,0,3-1,TBD,0,3-3,TBD,0,2-0,TBD,0,4-0,TBD,0,1-1,TBD,0,1-0,TBD,0,1-3,TBD,0,2-4,TBD,0
UgxKc7fnGBk2YkTUaUx4AaABAg,@IggyVossen,http://www.youtube.com/@IggyVossen,2026-09-04T17:36:47Z,False,Valid,10,0,1,1,1-3,0-2,1,2-1,TBD,0,2-0,TBD,0,1-1,TBD,0,0-2,TBD,0,6-0,TBD,0,1-3,TBD,0,1-0,TBD,0,0-3,TBD,0,2-1,TBD,0
UgxHGn0OgjmasJbsfXN4AaABAg,@haamid4,http://www.youtube.com/@haamid4,2026-09-04T17:36:47Z,False,Valid,10,0,1,1,1-3,0-2,1,1-0,TBD,0,2-0,TBD,0,2-1,TBD,0,1-0,TBD,0,4-1,TBD,0,2-1,TBD,0,0-0,TBD,0,1-0,TBD,0,2-1,TBD,0
Ugx3TdmYdbSpLD8mUQl4AaABAg,@channelname9468,http://www.youtube.com/@channelname9468,2026-09-04T17:36:39Z,False,Valid,10,0,1,1,1-3,0-2,1,2-0,TBD,0,3-1,TBD,0,1-0,TBD,0,1-2,TBD,0,4-0,TBD,0,2-1,TBD,0,1-1,TBD,0,2-2,TBD,0,1-1,TBD,0
UgxYOuBnwmaFsS-13DB4AaABAg,@Acrr01,http://www.youtube.com/@Acrr01,2026-09-04T17:36:13Z,False,Valid,10,0,1,1,1-3,0-2,1,2-2,TBD,0,2-2,TBD,0,1-2,TBD,0,1-3,TBD,0,1-2,TBD,0,2-1,TBD,0,1-4,TBD,0,1-2,TBD,0,4-1,TBD,0
Ugyw5E8B5iw_TLTYoAN4AaABAg,@dressrosaRMFC,http://www.youtube.com/@dressrosaRMFC,2026-09-04T17:35:57Z,False,Valid,10,0,1,1,1-2,0-2,1,2-0,TBD,0,3-1,TBD,0,2-2,TBD,0,1-0,TBD,0,4-1,TBD,0,2-1,TBD,0,1-1,TBD,0,2-1,TBD,0,3-1,TBD,0
UgwOsMRL7Ll0NNpUpZZ4AaABAg,@nickpro2899,http://www.youtube.com/@nickpro2899,2026-09-04T17:35:50Z,False,Valid,10,1,0,3,0-2,0-2,3,1-1,TBD,0,2-1,TBD,0,0-2,TBD,0,0-0,TBD,0,4-0,TBD,0,3-0,TBD,0,2-2,TBD,0,1-1,TBD,0,2-1,TBD,0
Ugw5xdsrEcqqUp_KGqp4AaABAg,@Stonix737,http://www.youtube.com/@Stonix737,2026-09-04T17:34:59Z,False,Valid,10,0,1,1,0-3,0-2,1,2-2,TBD,0,2-1,TBD,0,2-0,TBD,0,1-1,TBD,0,4-0,TBD,0,0-2,TBD,0,2-2,TBD,0,0-2,TBD,0,3-2,TBD,0
Ugw5OntIGRy6xcCFJBF4AaABAg,@cuthbertmcvane9159,http://www.youtube.com/@cuthbertmcvane9159,2026-09-04T17:34:42Z,False,Valid,10,0,1,1,1-3,0-2,1,2-1,TBD,0,3-1,TBD,0,2-2,TBD,0,2-1,TBD,0,1-2,TBD,0,0-2,TBD,0,1-2,TBD,0,1-2,TBD,0,3-2,TBD,0
UgyhktwHrFG1XW6TWAp4AaABAg,@FootyFever-m3s,http://www.youtube.com/@FootyFever-m3s,2026-09-04T17:34:32Z,False,Valid,9,0,1,1,0-3,0-2,1,N/A,TBD,0,2-2,TBD,0,2-2,TBD,0,0-1,TBD,0,2-0,TBD,0,1-0,TBD,0,1-1,TBD,0,1-3,TBD,0,0-1,TBD,0
UgzIwJ5rJK8noPfxjSh4AaABAg,@piratamaia,http://www.youtube.com/@piratamaia,2026-09-04T17:34:25Z,False,Valid,10,0,1,1,1-3,0-2,1,1-0,TBD,0,2-1,TBD,0,1-1,TBD,0,1-2,TBD,0,4-1,TBD,0,2-2,TBD,0,0-2,TBD,0,1-0,TBD,0,3-1,TBD,0
UgzI5Vbl7j_otF66UpB4AaABAg,@imperialsandwich3695,http://www.youtube.com/@imperialsandwich3695,2026-09-04T17:33:31Z,False,Valid,10,0,1,1,2-3,0-2,1,0-1,TBD,0,3-0,TBD,0,3-3,TBD,0,1-1,TBD,0,1-0,TBD,0,1-3,TBD,0,2-1,TBD,0,3-1,TBD,0,1-2,TBD,0
UgwNvU-lOkyx3UpQlih4AaABAg,@A_k_a_r_i_i,http://www.youtube.com/@A_k_a_r_i_i,2026-09-04T17:33:06Z,False,Valid,10,0,1,1,0-3,0-2,1,1-1,TBD,0,3-1,TBD,0,2-2,TBD,0,2-0,TBD,0,4-0,TBD,0,3-3,TBD,0,1-2,TBD,0,0-3,TBD,0,2-1,TBD,0
UgzeKBW7tMgRStc07sV4AaABAg,@BraydenCoombe,http://www.youtube.com/@BraydenCoombe,2026-09-04T17:33:02Z,False,Valid,10,0,1,1,1-3,0-2,1,2-0,TBD,0,3-0,TBD,0,2-2,TBD,0,0-0,TBD,0,4-0,TBD,0,1-1,TBD,0,2-2,TBD,0,0-1,TBD,0,1-1,TBD,0
UgyG4mb7JP7eKh6T8Jt4AaABAg,@martinstenstrom793,http://www.youtube.com/@martinstenstrom793,2026-09-04T17:33:00Z,False,Valid,10,0,1,1,1-3,0-2,1,2-2,TBD,0,1-0,TBD,0,3-1,TBD,0,1-1,TBD,0,4-1,TBD,0,1-1,TBD,0,1-1,TBD,0,1-3,TBD,0,2-1,TBD,0
UgyJhXQGM3uPcC1OHoN4AaABAg,@luzangokowa1111,http://www.youtube.com/@luzangokowa1111,2026-09-04T17:32:57Z,False,Valid,9,0,0,0,N/A,0-2,0,2-2,TBD,0,3-1,TBD,0,3-2,TBD,0,1-1,TBD,0,4-0,TBD,0,2-1,TBD,0,1-0,TBD,0,1-3,TBD,0,3-4,TBD,0
UgweR0LWvMGzQXOZlsV4AaABAg,@kamaujohn6303,http://www.youtube.com/@kamaujohn6303,2026-09-04T17:31:47Z,False,Valid,10,0,1,1,2-4,0-2,1,2-1,TBD,0,2-0,TBD,0,2-0,TBD,0,1-1,TBD,0,5-0,TBD,0,1-0,TBD,0,2-1,TBD,0,1-3,TBD,0,1-1,TBD,0
Ugz8-EKOeQgRMdj3BCZ4AaABAg,@proachievementhunter8201,http://www.youtube.com/@proachievementhunter8201,2026-09-04T17:31:29Z,False,Valid,10,0,1,1,1-3,0-2,1,1-1,TBD,0,2-1,TBD,0,2-2,TBD,0,1-1,TBD,0,6-0,TBD,0,1-1,TBD,0,0-0,TBD,0,1-1,TBD,0,2-1,TBD,0
UgwUp4dVwaJH7zJXXoF4AaABAg,@ryandarbyshire5046,http://www.youtube.com/@ryandarbyshire5046,2026-09-04T17:31:21Z,False,Valid,8,0,1,1,0-3,0-2,1,N/A,TBD,0,N/A,TBD,0,1-1,TBD,0,0-0,TBD,0,7-0,TBD,0,5-1,TBD,0,2-1,TBD,0,1-1,TBD,0,4-1,TBD,0
UgyiHho4O-R06ARVELF4AaABAg,@ymAtaraxia,http://www.youtube.com/@ymAtaraxia,2026-09-04T17:31:12Z,False,Valid,10,0,1,1,1-4,0-2,1,3-2,TBD,0,2-0,TBD,0,2-2,TBD,0,1-2,TBD,0,5-0,TBD,0,1-0,TBD,0,1-3,TBD,0,0-1,TBD,0,1-1,TBD,0
Ugz0cLaYyVNsFSRE0Wd4AaABAg,@goals4fun,http://www.youtube.com/@goals4fun,2026-09-04T17:31:06Z,False,Valid,10,0,1,1,1-3,0-2,1,2-1,TBD,0,2-0,TBD,0,2-1,TBD,0,0-0,TBD,0,4-0,TBD,0,2-1,TBD,0,0-1,TBD,0,1-1,TBD,0,2-1,TBD,0
UgyGnj2eDttW4j4lWE14AaABAg,@kevinnaves2277,http://www.youtube.com/@kevinnaves2277,2026-09-04T17:30:44Z,False,Valid,9,0,1,1,0-1,0-2,1,1-1,TBD,0,2-0,TBD,0,1-3,TBD,0,N/A,TBD,0,4-0,TBD,0,1-0,TBD,0,2-1,TBD,0,0-1,TBD,0,2-0,TBD,0
UgyAEG8mCU1laI9XMQd4AaABAg,@HectorGarcia-wr9sc,http://www.youtube.com/@HectorGarcia-wr9sc,2026-09-04T17:30:33Z,False,Valid,9,1,0,3,0-2,0-2,3,1-1,TBD,0,2-1,TBD,0,2-0,TBD,0,1-1,TBD,0,3-0,TBD,0,2-0,TBD,0,0-1,TBD,0,N/A,TBD,0,2-2,TBD,0
Ugz61YmtYo9nAsWUihB4AaABAg,@chelsea4life307,http://www.youtube.com/@chelsea4life307,2026-09-04T17:30:01Z,False,Valid,10,0,1,1,1-3,0-2,1,2-2,TBD,0,2-0,TBD,0,1-1,TBD,0,1-0,TBD,0,3-0,TBD,0,2-1,TBD,0,1-2,TBD,0,1-2,TBD,0,2-2,TBD,0
UgzSH9Hj8jygijqoHDV4AaABAg,@ahmadmobin6217,http://www.youtube.com/@ahmadmobin6217,2026-09-04T17:29:00Z,False,Valid,10,0,1,1,1-2,0-2,1,2-2,TBD,0,1-0,TBD,0,2-1,TBD,0,1-1,TBD,0,3-1,TBD,0,3-2,TBD,0,0-1,TBD,0,1-1,TBD,0,2-2,TBD,0
Ugxp4mUT4e4kz_TF02l4AaABAg,@Buschmumie,http://www.youtube.com/@Buschmumie,2026-09-04T17:28:54Z,False,Valid,10,1,0,3,0-2,0-2,3,2-1,TBD,0,1-1,TBD,0,2-0,TBD,0,0-1,TBD,0,4-1,TBD,0,1-2,TBD,0,1-3,TBD,0,2-1,TBD,0,3-1,TBD,0
UgwGU55PN9jdS3x6aHV4AaABAg,@samuelife1,http://www.youtube.com/@samuelife1,2026-09-04T17:28:51Z,False,Valid,10,0,1,1,1-2,0-2,1,2-2,TBD,0,4-1,TBD,0,3-1,TBD,0,1-1,TBD,0,5-0,TBD,0,1-1,TBD,0,1-1,TBD,0,0-1,TBD,0,2-0,TBD,0
Ugwf2Ecjic-dZ2Ow4e54AaABAg,@JHoly38,http://www.youtube.com/@JHoly38,2026-09-04T17:28:41Z,False,Valid,10,0,1,1,0-3,0-2,1,2-1,TBD,0,1-0,TBD,0,2-1,TBD,0,1-1,TBD,0,5-0,TBD,0,0-2,TBD,0,0-2,TBD,0,2-3,TBD,0,2-0,TBD,0
UgxbFPBMhhWwdGt8FbZ4AaABAg,@zavock,http://www.youtube.com/@zavock,2026-09-04T17:27:45Z,False,Valid,9,0,1,1,1-3,0-2,1,2-0,TBD,0,N/A,TBD,0,3-2,TBD,0,0-0,TBD,0,5-0,TBD,0,2-1,TBD,0,0-0,TBD,0,1-2,TBD,0,2-2,TBD,0
Ugx1hXm4JRXx4ayaTut4AaABAg,@Ice-_-Bear-_-9,http://www.youtube.com/@Ice-_-Bear-_-9,2026-09-04T17:27:37Z,False,Valid,10,0,1,1,1-2,0-2,1,3-1,TBD,0,1-1,TBD,0,2-2,TBD,0,1-0,TBD,0,5-1,TBD,0,1-2,TBD,0,1-3,TBD,0,2-2,TBD,0,2-0,TBD,0
UgzIkO6g4yUPKjHCsXR4AaABAg,@ronishhumagain8559,http://www.youtube.com/@ronishhumagain8559,2026-09-04T17:27:21Z,False,Valid,10,0,1,1,2-3,0-2,1,3-2,TBD,0,1-0,TBD,0,2-2,TBD,0,2-1,TBD,0,4-0,TBD,0,2-0,TBD,0,1-1,TBD,0,1-3,TBD,0,2-1,TBD,0
Ugw9p1Nnqa1sX6jr3fJ4AaABAg,@finge3786,http://www.youtube.com/@finge3786,2026-09-04T17:27:17Z,False,Valid,10,1,0,3,0-2,0-2,3,3-3,TBD,0,2-1,TBD,0,1-1,TBD,0,0-0,TBD,0,4-1,TBD,0,2-2,TBD,0,2-1,TBD,0,1-2,TBD,0,3-3,TBD,0
UgwgLAMxs7NeyMNW5Et4AaABAg,@adcid93,http://www.youtube.com/@adcid93,2026-09-04T17:27:02Z,False,Valid,10,1,0,3,0-2,0-2,3,2-1,TBD,0,1-0,TBD,0,0-0,TBD,0,0-1,TBD,0,3-1,TBD,0,1-1,TBD,0,1-3,TBD,0,0-4,TBD,0,2-1,TBD,0
UgyVTU3V6deADlRbTG94AaABAg,@Knowledge5eeker,http://www.youtube.com/@Knowledge5eeker,2026-09-04T17:26:53Z,False,Valid,10,0,1,1,1-3,0-2,1,2-2,TBD,0,2-1,TBD,0,2-2,TBD,0,2-1,TBD,0,3-0,TBD,0,1-1,TBD,0,1-2,TBD,0,1-2,TBD,0,1-1,TBD,0
UgzOOmOjwp9Zp0AwC_Z4AaABAg,@iZElynd,http://www.youtube.com/@iZElynd,2026-09-04T17:26:42Z,False,Valid,9,0,1,1,1-2,0-2,1,N/A,TBD,0,1-1,TBD,0,2-1,TBD,0,0-0,TBD,0,4-1,TBD,0,1-1,TBD,0,1-1,TBD,0,1-2,TBD,0,4-2,TBD,0
Ugz4z7avs0hnDM2skJl4AaABAg,@Mr_Scrisu,http://www.youtube.com/@Mr_Scrisu,2026-09-04T17:26:36Z,False,Valid,10,0,0,0,0-0,0-2,0,1-1,TBD,0,2-1,TBD,0,2-2,TBD,0,1-0,TBD,0,5-0,TBD,0,1-1,TBD,0,1-1,TBD,0,1-1,TBD,0,0-0,TBD,0
UgxkNfUBGvUXH8kE6BV4AaABAg,@missleafeatheleafeon2593,http://www.youtube.com/@missleafeatheleafeon2593,2026-09-04T17:26:30Z,False,Valid,8,0,0,0,9-2,0-2,0,4-7,TBD,0,8-8,TBD,0,1-12,TBD,0,0-0,TBD,0,0-9,TBD,0,1-16,TBD,0,N/A,TBD,0,8-1,TBD,0,N/A,TBD,0
Ugw3k-RPpPG-VuuPxqF4AaABAg,@cedrickerkmeester9367,http://www.youtube.com/@cedrickerkmeester9367,2026-09-04T17:26:10Z,False,Valid,8,0,1,1,1-2,0-2,1,2-1,TBD,0,N/A,TBD,0,N/A,TBD,0,1-1,TBD,0,5-0,TBD,0,2-1,TBD,0,1-1,TBD,0,1-2,TBD,0,2-2,TBD,0
UgwaxaBswxY_P6IX7eZ4AaABAg,@th3ropy406,http://www.youtube.com/@th3ropy406,2026-09-04T17:25:42Z,False,Valid,10,1,0,3,0-2,0-2,3,1-1,TBD,0,2-1,TBD,0,3-3,TBD,0,0-1,TBD,0,5-0,TBD,0,1-0,TBD,0,1-0,TBD,0,1-1,TBD,0,2-1,TBD,0
UgzWOvlmHAvnwLXFf9R4AaABAg,@ElecTrick11037,http://www.youtube.com/@ElecTrick11037,2026-09-04T17:24:49Z,False,Valid,10,0,1,1,0-3,0-2,1,2-1,TBD,0,2-0,TBD,0,3-2,TBD,0,1-0,TBD,0,4-0,TBD,0,1-1,TBD,0,1-2,TBD,0,0-0,TBD,0,2-1,TBD,0
UgzMFjDvCA0IE8goJmV4AaABAg,@EllisMurray7,http://www.youtube.com/@EllisMurray7,2026-09-04T17:24:46Z,False,Valid,10,0,1,1,1-3,0-2,1,2-1,TBD,0,2-0,TBD,0,1-1,TBD,0,1-0,TBD,0,4-0,TBD,0,1-0,TBD,0,0-1,TBD,0,0-2,TBD,0,2-0,TBD,0
UgzxltTOmHn5fQc3H2l4AaABAg,@BenjaminLass,http://www.youtube.com/@BenjaminLass,2026-09-04T17:23:48Z,False,Valid,10,0,1,1,1-3,0-2,1,2-0,TBD,0,1-1,TBD,0,2-2,TBD,0,0-1,TBD,0,4-0,TBD,0,1-1,TBD,0,1-0,TBD,0,1-3,TBD,0,1-2,TBD,0
UgyzdzEZqgBuqcNMp6N4AaABAg,@pinkgoose989,http://www.youtube.com/@pinkgoose989,2026-09-04T17:23:43Z,False,Valid,10,0,1,1,0-1,0-2,1,3-1,TBD,0,2-0,TBD,0,2-2,TBD,0,0-1,TBD,0,4-0,TBD,0,1-1,TBD,0,1-2,TBD,0,1-2,TBD,0,3-2,TBD,0
Ugwz_ZzoC1zsxVR-C-J4AaABAg,@lewismacdonald7776,http://www.youtube.com/@lewismacdonald7776,2026-09-04T17:23:29Z,False,Valid,10,0,0,0,2-2,0-2,0,1-2,TBD,0,3-1,TBD,0,3-2,TBD,0,1-1,TBD,0,3-0,TBD,0,2-0,TBD,0,1-2,TBD,0,2-1,TBD,0,3-3,TBD,0
Ugwz81K3DqNREZ8T6Up4AaABAg,@mikethegoatisgoat,http://www.youtube.com/@mikethegoatisgoat,2026-09-04T17:23:20Z,False,Valid,10,0,1,1,1-2,0-2,1,0-1,TBD,0,1-1,TBD,0,0-0,TBD,0,0-1,TBD,0,3-2,TBD,0,4-0,TBD,0,1-2,TBD,0,0-3,TBD,0,3-0,TBD,0
Ugym1iYlmLEhuUnTSwl4AaABAg,@mrgreenmario64,http://www.youtube.com/@mrgreenmario64,2026-09-04T17:23:19Z,False,Valid,10,0,1,1,1-3,0-2,1,1-1,TBD,0,2-2,TBD,0,1-2,TBD,0,0-0,TBD,0,5-0,TBD,0,2-1,TBD,0,2-0,TBD,0,1-0,TBD,0,2-3,TBD,0
Ugzuvh9kdm6gdOgYsbl4AaABAg,@Dabdude7,http://www.youtube.com/@Dabdude7,2026-09-04T17:23:10Z,False,Valid,10,1,0,3,0-2,0-2,3,2-1,TBD,0,2-2,TBD,0,3-1,TBD,0,1-1,TBD,0,4-0,TBD,0,1-1,TBD,0,0-2,TBD,0,1-2,TBD,0,3-1,TBD,0
UgxNYnHLneKXPtHlkch4AaABAg,@Pee-m4j,http://www.youtube.com/@Pee-m4j,2026-09-04T17:23:04Z,False,Valid,9,0,1,1,1-4,0-2,1,2-1,TBD,0,1-1,TBD,0,1-1,TBD,0,2-1,TBD,0,N/A,TBD,0,1-1,TBD,0,1-1,TBD,0,0-2,TBD,0,1-1,TBD,0
UgxxooZQDaP0lPpVvHF4AaABAg,@stevecorcoran1674,http://www.youtube.com/@stevecorcoran1674,2026-09-04T17:22:51Z,False,Valid,8,0,0,0,N/A,0-2,0,N/A,TBD,0,3-1,TBD,0,1-1,TBD,0,0-0,TBD,0,2-0,TBD,0,1-2,TBD,0,0-1,TBD,0,2-1,TBD,0,0-2,TBD,0
UgyyPkeMz48jDLowdvF4AaABAg,@michaelparkinsonsfreeparkerpen,http://www.youtube.com/@michaelparkinsonsfreeparkerpen,2026-09-04T17:22:46Z,False,Valid,10,0,1,1,1-2,0-2,1,2-0,TBD,0,2-1,TBD,0,2-1,TBD,0,1-0,TBD,0,4-0,TBD,0,2-1,TBD,0,2-1,TBD,0,1-2,TBD,0,1-1,TBD,0
UgzTTy_BfiOg_YHmqGB4AaABAg,@theonesparrowhawk,http://www.youtube.com/@theonesparrowhawk,2026-09-04T17:21:33Z,False,Valid,10,0,1,1,1-3,0-2,1,2-0,TBD,0,2-1,TBD,0,3-2,TBD,0,2-0,TBD,0,4-0,TBD,0,2-1,TBD,0,1-1,TBD,0,2-3,TBD,0,2-2,TBD,0
UgzA2DXNCUj9DIqehAl4AaABAg,@TheFootballingMadman,http://www.youtube.com/@TheFootballingMadman,2026-09-04T17:21:31Z,False,Valid,10,1,0,3,0-2,0-2,3,3-1,TBD,0,3-2,TBD,0,2-2,TBD,0,0-1,TBD,0,2-1,TBD,0,1-1,TBD,0,0-1,TBD,0,1-1,TBD,0,1-2,TBD,0
Ugz51FHYea8iaZKm5814AaABAg,@martinbrophy6898,http://www.youtube.com/@martinbrophy6898,2026-09-04T17:21:05Z,False,Valid,10,0,1,1,2-4,0-2,1,3-1,TBD,0,1-1,TBD,0,2-1,TBD,0,1-0,TBD,0,4-1,TBD,0,2-1,TBD,0,2-2,TBD,0,1-3,TBD,0,3-1,TBD,0
Ugzi-AvYl4vGgOHbWDp4AaABAg,@zhelyazkopetkov8211,http://www.youtube.com/@zhelyazkopetkov8211,2026-09-04T17:21:04Z,False,Valid,10,0,1,1,1-3,0-2,1,2-2,TBD,0,1-1,TBD,0,1-3,TBD,0,0-0,TBD,0,3-0,TBD,0,1-1,TBD,0,1-1,TBD,0,2-1,TBD,0,2-1,TBD,0
UgxfZi3aEMocjFb227Z4AaABAg,@EmenussGOamazing,http://www.youtube.com/@EmenussGOamazing,2026-09-04T17:20:55Z,False,Valid,10,1,0,3,0-2,0-2,3,3-1,TBD,0,1-0,TBD,0,2-0,TBD,0,1-0,TBD,0,5-0,TBD,0,0-1,TBD,0,0-1,TBD,0,0-2,TBD,0,3-2,TBD,0
UgxMMlvQLqACqAju8Sd4AaABAg,@XIX_Aryan7,http://www.youtube.com/@XIX_Aryan7,2026-09-04T17:20:36Z,False,Valid,10,0,1,1,1-3,0-2,1,2-1,TBD,0,2-0,TBD,0,2-2,TBD,0,1-2,TBD,0,6-0,TBD,0,1-0,TBD,0,1-1,TBD,0,1-2,TBD,0,3-3,TBD,0
Ugww9RFoCGKUBaxVRYd4AaABAg,@dylanparker130,http://www.youtube.com/@dylanparker130,2026-09-04T17:20:24Z,False,Valid,10,0,1,1,1-2,0-2,1,3-3,TBD,0,2-1,TBD,0,3-1,TBD,0,2-1,TBD,0,4-0,TBD,0,1-2,TBD,0,1-2,TBD,0,2-2,TBD,0,3-1,TBD,0
Ugx2-GcVBorR95D7HN54AaABAg,@IvoTheGhouI,http://www.youtube.com/@IvoTheGhouI,2026-09-04T17:20:22Z,False,Valid,10,0,1,1,1-3,0-2,1,2-2,TBD,0,2-2,TBD,0,1-0,TBD,0,1-1,TBD,0,2-0,TBD,0,0-0,TBD,0,1-1,TBD,0,2-2,TBD,0,2-1,TBD,0
Ugx6Sy-ebypx0CUGH7R4AaABAg,@Heelbaas,http://www.youtube.com/@Heelbaas,2026-09-04T17:19:31Z,False,Valid,10,0,1,1,2-3,0-2,1,1-1,TBD,0,2-2,TBD,0,1-0,TBD,0,2-0,TBD,0,3-1,TBD,0,2-1,TBD,0,1-2,TBD,0,1-1,TBD,0,1-1,TBD,0
UgywBvpFzSuxuyfiHVd4AaABAg,@hawaadeyeye9930,http://www.youtube.com/@hawaadeyeye9930,2026-09-04T17:19:15Z,False,Valid,10,0,0,0,3-2,0-2,0,1-2,TBD,0,3-0,TBD,0,3-0,TBD,0,1-0,TBD,0,4-0,TBD,0,2-0,TBD,0,1-2,TBD,0,2-2,TBD,0,3-2,TBD,0
UgzWjto0VNxq8AgGvRZ4AaABAg,@EuanHaldane,http://www.youtube.com/@EuanHaldane,2026-09-04T17:18:35Z,False,Valid,9,0,1,1,1-3,0-2,1,2-1,TBD,0,N/A,TBD,0,1-2,TBD,0,2-3,TBD,0,5-1,TBD,0,2-0,TBD,0,0-1,TBD,0,2-2,TBD,0,1-0,TBD,0
UgyO-Wc4GOyin2MWRVx4AaABAg,@TheKing0fToot,http://www.youtube.com/@TheKing0fToot,2026-09-04T17:18:34Z,False,Valid,10,0,1,1,0-3,0-2,1,2-1,TBD,0,2-0,TBD,0,2-1,TBD,0,1-1,TBD,0,4-0,TBD,0,2-0,TBD,0,0-1,TBD,0,1-2,TBD,0,1-2,TBD,0
UgxJLu0CvPMZmf1eWgl4AaABAg,@thehamyton4700,http://www.youtube.com/@thehamyton4700,2026-09-04T17:18:05Z,False,Valid,10,0,1,1,1-3,0-2,1,2-2,TBD,0,2-1,TBD,0,2-1,TBD,0,1-1,TBD,0,5-1,TBD,0,2-0,TBD,0,0-0,TBD,0,1-3,TBD,0,3-2,TBD,0
UgwZGdAF51IpdKE4JlF4AaABAg,@lavishjain4145,http://www.youtube.com/@lavishjain4145,2026-09-04T17:17:27Z,False,Valid,10,0,1,1,1-3,0-2,1,1-1,TBD,0,2-1,TBD,0,2-0,TBD,0,1-0,TBD,0,3-0,TBD,0,1-2,TBD,0,2-1,TBD,0,1-3,TBD,0,1-2,TBD,0
UgwyjWrVBfLXkvfP5DF4AaABAg,@theinformer499,http://www.youtube.com/@theinformer499,2026-09-04T17:17:17Z,False,Valid,10,0,1,1,1-3,0-2,1,2-1,TBD,0,1-1,TBD,0,2-1,TBD,0,1-1,TBD,0,3-0,TBD,0,2-0,TBD,0,3-3,TBD,0,0-1,TBD,0,2-0,TBD,0
UgxAqqt8aKpEqsy3hiJ4AaABAg,@xyytffhhhggddfgbv,http://www.youtube.com/@xyytffhhhggddfgbv,2026-09-04T17:17:15Z,False,Valid,10,0,1,1,1-3,0-2,1,1-1,TBD,0,2-0,TBD,0,2-1,TBD,0,1-1,TBD,0,3-0,TBD,0,1-2,TBD,0,0-1,TBD,0,1-2,TBD,0,2-1,TBD,0
UgxK2ilIF9EkfH9w5Zt4AaABAg,@ShaunHopkinsAVFC,http://www.youtube.com/@ShaunHopkinsAVFC,2026-09-04T17:16:22Z,False,Valid,10,1,0,3,0-2,0-2,3,1-2,TBD,0,1-2,TBD,0,1-1,TBD,0,1-2,TBD,0,4-0,TBD,0,1-2,TBD,0,1-1,TBD,0,1-3,TBD,0,2-2,TBD,0
UgxEdHbdngkX2UcrH1V4AaABAg,@mywonderfulworldofvideos,http://www.youtube.com/@mywonderfulworldofvideos,2026-09-04T17:16:21Z,False,Valid,10,0,1,1,1-2,0-2,1,2-0,TBD,0,5-1,TBD,0,1-1,TBD,0,2-1,TBD,0,3-0,TBD,0,3-2,TBD,0,2-1,TBD,0,1-1,TBD,0,2-2,TBD,0
Ugxl0lYcWwrUe0aO4Kp4AaABAg,@Dfitzykiid,http://www.youtube.com/@Dfitzykiid,2026-09-04T17:16:09Z,False,Valid,10,0,1,1,0-3,0-2,1,2-1,TBD,0,2-1,TBD,0,2-1,TBD,0,1-1,TBD,0,4-0,TBD,0,1-1,TBD,0,0-1,TBD,0,1-0,TBD,0,2-2,TBD,0
UgwpLCVJ-691MwIhUpt4AaABAg,@jonathanbnice6816,http://www.youtube.com/@jonathanbnice6816,2026-09-04T17:14:52Z,False,Valid,10,1,0,3,0-2,0-2,3,2-1,TBD,0,2-2,TBD,0,2-0,TBD,0,1-1,TBD,0,3-0,TBD,0,1-1,TBD,0,0-2,TBD,0,1-2,TBD,0,1-0,TBD,0
Ugy56dP_4j6Xpweajh54AaABAg,@kaushaltank3305,http://www.youtube.com/@kaushaltank3305,2026-09-04T17:14:51Z,False,Valid,10,0,0,0,1-1,0-2,0,3-2,TBD,0,2-1,TBD,0,2-1,TBD,0,3-1,TBD,0,4-0,TBD,0,2-1,TBD,0,2-0,TBD,0,2-2,TBD,0,2-0,TBD,0
UgxAxN-h7caGUe9uf5J4AaABAg,@EthanDolan6,http://www.youtube.com/@EthanDolan6,2026-09-04T17:14:23Z,False,Valid,8,0,1,1,1-2,0-2,1,2-1,TBD,0,N/A,TBD,0,N/A,TBD,0,1-1,TBD,0,3-0,TBD,0,1-2,TBD,0,1-2,TBD,0,1-2,TBD,0,2-1,TBD,0
UgyjTXMkS7_PzZZsMMN4AaABAg,@ORIGIFC,http://www.youtube.com/@ORIGIFC,2026-09-04T17:14:06Z,False,Valid,10,0,1,1,2-3,0-2,1,1-0,TBD,0,2-0,TBD,0,3-0,TBD,0,1-1,TBD,0,4-0,TBD,0,2-2,TBD,0,1-2,TBD,0,1-1,TBD,0,2-1,TBD,0
UgxsAatkNnQ__LDNd1t4AaABAg,@thubelihlembonane2674,http://www.youtube.com/@thubelihlembonane2674,2026-09-04T17:14:01Z,False,Valid,10,0,1,1,1-2,0-2,1,2-2,TBD,0,1-1,TBD,0,3-3,TBD,0,1-0,TBD,0,4-1,TBD,0,2-0,TBD,0,1-2,TBD,0,1-2,TBD,0,2-1,TBD,0
UgyInlLAblvngqPG79V4AaABAg,@godofthegreatkurultaj4302,http://www.youtube.com/@godofthegreatkurultaj4302,2026-09-04T17:13:35Z,False,Valid,10,0,1,1,1-3,0-2,1,2-2,TBD,0,1-1,TBD,0,2-1,TBD,0,0-2,TBD,0,4-0,TBD,0,1-1,TBD,0,1-2,TBD,0,1-2,TBD,0,2-1,TBD,0
UgxVXfoI-sWiTgUNekN4AaABAg,@ricardoblayer9537,http://www.youtube.com/@ricardoblayer9537,2026-09-04T17:13:19Z,False,Valid,9,1,0,3,0-2,0-2,3,2-1,TBD,0,N/A,TBD,0,2-0,TBD,0,0-0,TBD,0,5-1,TBD,0,2-0,TBD,0,0-1,TBD,0,0-1,TBD,0,2-2,TBD,0
UgwrZisw_yHsHYkKHJl4AaABAg,@AJD45,http://www.youtube.com/@AJD45,2026-09-04T17:13:15Z,False,Valid,10,0,1,1,1-3,0-2,1,2-1,TBD,0,2-0,TBD,0,2-1,TBD,0,1-1,TBD,0,4-0,TBD,0,2-1,TBD,0,0-0,TBD,0,0-1,TBD,0,3-2,TBD,0
UgxOHMT0gPfvq7JC54V4AaABAg,@cianmatthews3723,http://www.youtube.com/@cianmatthews3723,2026-09-04T17:12:55Z,False,Valid,10,1,0,3,0-2,0-2,3,3-2,TBD,0,2-1,TBD,0,1-1,TBD,0,1-1,TBD,0,5-0,TBD,0,2-1,TBD,0,2-2,TBD,0,1-2,TBD,0,3-1,TBD,0
Ugy8mWexndus-sczXEJ4AaABAg,@6038am,http://www.youtube.com/@6038am,2026-09-04T17:12:52Z,False,Valid,10,0,0,0,2-2,0-2,0,2-0,TBD,0,3-0,TBD,0,4-2,TBD,0,0-0,TBD,0,5-1,TBD,0,1-0,TBD,0,2-0,TBD,0,1-1,TBD,0,4-4,TBD,0
UgzYPR9U5DXycj7QatZ4AaABAg,@lorenzomosca5655,http://www.youtube.com/@lorenzomosca5655,2026-09-04T17:12:50Z,False,Valid,10,0,1,1,1-3,0-2,1,1-2,TBD,0,2-0,TBD,0,2-1,TBD,0,1-0,TBD,0,3-0,TBD,0,1-2,TBD,0,1-0,TBD,0,1-3,TBD,0,1-0,TBD,0
UgxKZe1xyhWrHj3KQYx4AaABAg,@Darko_Milosevski03,http://www.youtube.com/@Darko_Milosevski03,2026-09-04T17:11:43Z,False,Valid,10,1,0,3,0-2,0-2,3,2-1,TBD,0,2-1,TBD,0,2-1,TBD,0,0-1,TBD,0,3-0,TBD,0,2-1,TBD,0,0-1,TBD,0,0-2,TBD,0,1-1,TBD,0
UgzvrqbRnDu8c5MZpDp4AaABAg,@Drabori,http://www.youtube.com/@Drabori,2026-09-04T17:10:37Z,False,Valid,10,0,1,1,1-2,0-2,1,2-0,TBD,0,2-0,TBD,0,3-2,TBD,0,0-1,TBD,0,4-1,TBD,0,1-1,TBD,0,1-1,TBD,0,1-1,TBD,0,2-2,TBD,0
UgwiFnvfzQql7vc7lzR4AaABAg,@strikeyz,http://www.youtube.com/@strikeyz,2026-09-04T17:10:20Z,False,Valid,9,0,0,0,1-1,0-2,0,2-1,TBD,0,3-0,TBD,0,0-1,TBD,0,2-2,TBD,0,0-0,TBD,0,2-1,TBD,0,N/A,TBD,0,3-2,TBD,0,2-1,TBD,0
Ugz2OjxsYNY_XneAQyR4AaABAg,@ConnorPenfold,http://www.youtube.com/@ConnorPenfold,2026-09-04T17:09:57Z,False,Valid,10,0,0,0,1-1,0-2,0,2-1,TBD,0,2-0,TBD,0,1-1,TBD,0,1-1,TBD,0,5-0,TBD,0,1-1,TBD,0,2-1,TBD,0,1-1,TBD,0,3-2,TBD,0
UgwxbR-9hezSAseuecp4AaABAg,@ghjn5640,http://www.youtube.com/@ghjn5640,2026-09-04T17:08:14Z,False,Valid,10,0,0,0,2-2,0-2,0,2-1,TBD,0,2-0,TBD,0,3-2,TBD,0,1-1,TBD,0,4-1,TBD,0,1-0,TBD,0,1-2,TBD,0,1-1,TBD,0,2-1,TBD,0
